params/gamma,params/gae_lambda,time/fps,params/normalize_advantage,time/total_timesteps,params/use_sde,params/rollout_buffer_class,params/verbose,params/stats_window_size,params/n_epochs,params/target_kl,params/learning_rate,time/time_elapsed,params/max_grad_norm,params/sde_sample_freq,time/iterations,params/ent_coef,params/policy,params/device,rollout/ep_len_mean,params/policy_kwargs,params/_init_setup_model,params/seed,params/n_steps,params/vf_coef,rollout/ep_rew_mean,params/clip_range_vf,params/clip_range,params/batch_size,params/rollout_buffer_kwargs,train/explained_variance,train/n_updates,train/entropy_loss,train/clip_range,train/approx_kl,train/clip_fraction,train/loss,train/learning_rate,train/policy_gradient_loss,train/value_loss,mean_reward
0.99,0.95,13,True,15,False,,1,100,10,0.01,0.0001,1,0.5,-1,1,0.02,"MlpPolicy","auto",15.0,{'net_arch': [{'pi': [128, 128], 'vf': [128, 128]}]},True,42,15,0.5,0.67117,,0.2,30,,,,,,,,,,,,
,,13,,30,,,,,,,,2,,,2,,,,15.0,,,,,,-0.013863499999999973,,,,,-6.483442306518555,10,-1.791286337375641,0.2,0.0015291651,0.0,-0.05784492939710617,0.0001,-0.015894167033645344,0.05836873631924391,
,,13,,45,,,,,,,,3,,,3,,,,15.0,,,,,,-0.25966066666666665,,,,,0.7169475853443146,20,-1.7888842701911927,0.2,0.0007232467,0.0,0.15412092208862305,0.0001,-0.010996285358754677,0.9268072873353959,
,,13,,60,,,,,,,,4,,,4,,,,15.0,,,,,,-0.37224925,,,,,0.3163856863975525,30,-1.7862131476402283,0.2,0.0005893707,0.0,-0.02426019310951233,0.0001,-0.008858721993553332,0.2568034164607525,
,,13,,75,,,,,,,,5,,,5,,,,15.0,,,,,,-0.4501742,,,,,-0.7951853275299072,40,-1.7824668049812318,0.2,0.00184956,0.0,-0.05321060121059418,0.0001,-0.016779325522172074,0.04086022712290287,
,,13,,90,,,,,,,,6,,,6,,,,15.0,,,,,,-0.26328250000000003,,,,,-5.783227443695068,50,-1.7729624390602112,0.2,0.0021914125,0.0,-0.05428677797317505,0.0001,-0.013780436301992082,0.05277879722416401,
,,13,,105,,,,,,,,7,,,7,,,,15.0,,,,,,-0.3250632857142857,,,,,-0.08299446105957031,60,-1.7638118147850037,0.2,0.000931867,0.0,0.06823353469371796,0.0001,-0.007833401941849161,0.5556919798254967,
,,13,,120,,,,,,,,8,,,8,,,,15.0,,,,,,-0.37715350000000003,,,,,-2.027970552444458,70,-1.7565266609191894,0.2,0.00026700099,0.0,0.1069534420967102,0.0001,-0.0032421143677009213,0.3852161347866058,
,,13,,135,,,,,,,,9,,,9,,,,15.0,,,,,,-0.41466722222222224,,,,,-0.9007028341293335,80,-1.755575966835022,0.2,0.00041501125,0.0,-0.03839977830648422,0.0001,-0.004830777415578779,0.08152243699878454,
,,13,,150,,,,,,,,10,,,10,,,,15.0,,,,,,-0.4451059,,,,,-0.8769413232803345,90,-1.7600133776664735,0.2,0.0011704803,0.0,-0.0527852401137352,0.0001,-0.01121701372088868,0.024947221949696542,
,,13,,165,,,,,,,,11,,,11,,,,15.0,,,,,,-0.46446254545454546,,,,,-1.7483892440795898,100,-1.7641222476959229,0.2,0.0012033582,0.0,-0.04286210983991623,0.0001,-0.006597440339392069,0.03826226629316807,
,,14,,180,,,,,,,,12,,,12,,,,15.0,,,,,,-0.37023941666666665,,,,,0.12903457880020142,110,-1.7609055519104004,0.2,0.0038179834,0.0,-0.06602080911397934,0.0001,-0.015842477901217754,0.015122940298169851,
,,14,,195,,,,,,,,13,,,13,,,,15.0,,,,,,-0.39563453846153845,,,,,-7.574263572692871,120,-1.7569339871406555,0.2,0.00083450077,0.0,0.1625831574201584,0.0001,0.01431639235777169,0.718789142370224,
,,14,,210,,,,,,,,14,,,14,,,,15.0,,,,,,-0.41989499999999996,,,,,0.31805944442749023,130,-1.7537797689437866,0.2,0.00012247165,0.0,-0.010642021894454956,0.0001,-0.0025905316639789787,0.11217563524842263,
,,14,,225,,,,,,,,15,,,15,,,,15.0,,,,,,-0.43782799999999994,,,,,-1.263645887374878,140,-1.7533402800559998,0.2,0.0004182418,0.0,-0.03106621466577053,0.0001,-0.0051247962597212645,0.07055780068039894,
,,14,,240,,,,,,,,17,,,16,,,,15.0,,,,,,-0.36294031250000003,,,,,0.7473245859146118,150,-1.750532066822052,0.2,0.0012160222,0.0,-0.05704855918884277,0.0001,-0.011204254235295964,0.009469721000641584,
,,14,,255,,,,,,,,18,,,17,,,,15.0,,,,,,-0.385064705882353,,,,,-4.542989730834961,160,-1.7514376997947694,0.2,0.000452137,0.0,0.18906623125076294,0.0001,0.0009062886203174969,0.8720946401357651,
,,14,,270,,,,,,,,19,,,18,,,,15.0,,,,,,-0.40237505555555564,,,,,0.09450685977935791,170,-1.7516075491905212,0.2,0.00058797596,0.0,0.011760491877794266,0.0001,-0.007582228304818273,0.18917009234428406,
,,14,,285,,,,,,,,20,,,19,,,,15.0,,,,,,-0.41911131578947375,,,,,0.2749243378639221,180,-1.752228856086731,0.2,0.0005236268,0.0,-0.034698326140642166,0.0001,-0.005849879013264081,0.03904616348445415,
,,14,,300,,,,,,,,21,,,20,,,,15.0,,,,,,-0.43499655000000004,,,,,0.018022656440734863,190,-1.746561551094055,0.2,0.0015978892,0.0,-0.06696648895740509,0.0001,-0.015149732568922224,0.012996006663888693,
,,14,,315,,,,,,,,22,,,21,,,,15.0,,,,,,-0.3846648095238096,,,,,0.6575773656368256,200,-1.7306354880332946,0.2,0.0018457611,0.0,-0.0582110658288002,0.0001,-0.009488044471557622,0.0040416309610009195,
,,14,,330,,,,,,,,23,,,22,,,,15.0,,,,,,-0.40305240909090917,,,,,-4.298376083374023,210,-1.7190900683403014,0.2,0.0010493954,0.0,0.13100257515907288,0.0001,-0.00182789798146894,0.6579012781381607,
,,14,,345,,,,,,,,24,,,23,,,,15.0,,,,,,-0.35643473913043483,,,,,0.35258907079696655,220,-1.711056387424469,0.2,0.00030278365,0.0,-0.00024331733584403992,0.0001,-0.003854561065672879,0.14641453176736832,
,,14,,360,,,,,,,,25,,,24,,,,15.0,,,,,,-0.37314970833333333,,,,,-6.6207404136657715,230,-1.7030630588531495,0.2,0.00022655328,0.0,0.12549661099910736,0.0001,-0.001440747969851941,0.49210072457790377,
,,14,,375,,,,,,,,26,,,25,,,,15.0,,,,,,-0.33200944,,,,,0.5967373549938202,240,-1.6985848784446715,0.2,0.00022228161,0.0,-0.013083606958389282,0.0001,-0.005893342039392735,0.13583586364984512,
,,14,,390,,,,,,,,27,,,26,,,,15.0,,,,,,-0.3449348846153846,,,,,-2.6145362854003906,250,-1.6947816371917725,0.2,0.00016825994,0.0,0.1028842180967331,0.0001,-0.0021298227789039005,0.4296707361936569,
,,14,,405,,,,,,,,28,,,27,,,,15.0,,,,,,-0.3045765925925926,,,,,0.2606290578842163,260,-1.6997932314872741,0.2,0.0006747166,0.0,-0.02727876789867878,0.0001,-0.008411013328004913,0.0998775165528059,
,,14,,420,,,,,,,,29,,,28,,,,15.0,,,,,,-0.2671897142857143,,,,,-15.150716781616211,270,-1.7078563451766968,0.2,0.0008218964,0.0,0.0690421536564827,0.0001,-0.007747987672531309,0.37143749594688413,
,,13,,435,,,,,,,,31,,,29,,,,15.0,,,,,,-0.2833069310344828,,,,,-19.3768367767334,280,-1.709908127784729,0.2,0.0009419163,0.0,-0.03769722580909729,0.0001,-0.006205285901282309,0.13327941950410604,
,,13,,450,,,,,,,,32,,,30,,,,15.0,,,,,,-0.29996753333333337,,,,,-0.21550977230072021,290,-1.703130042552948,0.2,0.0015102585,0.0,0.2720402479171753,0.0001,-0.01082658467193447,0.8626012623310089,
,,13,,465,,,,,,,,33,,,31,,,,15.0,,,,,,-0.31561890322580644,,,,,0.3000599145889282,300,-1.682242715358734,0.2,0.0005521337,0.0,0.0010819435119628906,0.0001,-0.003760260918448921,0.3815195858478546,
,,13,,480,,,,,,,,34,,,32,,,,15.0,,,,,,-0.32895428125000004,,,,,-0.29092633724212646,310,-1.6776631593704223,0.2,0.001095744,0.0,-0.0403374508023262,0.0001,-0.008147747598511047,0.09547623917460442,
,,13,,495,,,,,,,,35,,,33,,,,15.0,,,,,,-0.3420459090909091,,,,,-1.8828458786010742,320,-1.6971275448799132,0.2,0.0030248442,0.0,-0.062377020716667175,0.0001,-0.01496646541714064,0.02934332937002182,
,,13,,510,,,,,,,,36,,,34,,,,15.0,,,,,,-0.35332152941176476,,,,,-4.487674236297607,330,-1.7211445331573487,0.2,0.0028699795,0.0,-0.061102695763111115,0.0001,-0.012802604408158568,0.02583294976502657,
,,13,,525,,,,,,,,37,,,35,,,,15.0,,,,,,-0.3638216,,,,,-3.4095916748046875,340,-1.7237610697746277,0.2,0.0032014053,0.0,-0.044365040957927704,0.0001,-0.01468241041836631,0.09132839776575566,
,,13,,540,,,,,,,,38,,,36,,,,15.0,,,,,,-0.3734946666666667,,,,,0.4081570506095886,350,-1.7186152696609498,0.2,0.002370262,0.0,-0.07217127084732056,0.0001,-0.015072517881344538,0.014757934771478177,
,,13,,555,,,,,,,,39,,,37,,,,15.0,,,,,,-0.34493254054054057,,,,,-0.7414456605911255,360,-1.7146223783493042,0.2,0.0030162693,0.0,-0.05905565991997719,0.0001,-0.010368237941972147,0.0183044551871717,
,,13,,570,,,,,,,,40,,,38,,,,15.0,,,,,,-0.31786639473684214,,,,,-4.43349552154541,370,-1.7147406816482544,0.2,0.0006840309,0.0,0.13142988085746765,0.0001,-0.000791110500625436,0.6406289517879487,
,,13,,585,,,,,,,,41,,,39,,,,15.0,,,,,,-0.3280636666666667,,,,,-2.6183605194091797,380,-1.7088377237319947,0.2,0.0018186927,0.0,-0.056692738085985184,0.0001,-0.011561604139473047,0.19494947623461484,
,,13,,600,,,,,,,,42,,,40,,,,15.0,,,,,,-0.3383082,,,,,-0.15108680725097656,390,-1.7054448246955871,0.2,0.0015080293,0.0,0.39811334013938904,0.0001,-0.0049145191589681225,1.0280858159065247,
,,13,,615,,,,,,,,44,,,41,,,,15.0,,,,,,-0.34801936585365856,,,,,-0.2577981948852539,400,-1.7000363945961,0.2,0.00062500633,0.0,0.03696596622467041,0.0001,-0.004259801452280954,0.42529018223285675,
,,13,,630,,,,,,,,45,,,42,,,,15.0,,,,,,-0.3569517857142857,,,,,-0.3428459167480469,410,-1.6941192626953125,0.2,0.0023592075,0.0,-0.06121392548084259,0.0001,-0.017497333798868198,0.10622459594160319,
,,13,,645,,,,,,,,46,,,43,,,,15.0,,,,,,-0.3669625581395349,,,,,0.5312356650829315,420,-1.6737662434577942,0.2,0.0088285925,0.04666666761040687,-0.058953069150447845,0.0001,-0.017923605965140154,0.017355180997401475,
,,13,,660,,,,,,,,47,,,44,,,,15.0,,,,,,-0.3746739318181818,,,,,-6.316689491271973,430,-1.6433456540107727,0.2,0.009100088,0.040000001341104506,-0.07400304824113846,0.0001,-0.02357726229975654,0.03592191385105252,
,,13,,675,,,,,,,,48,,,45,,,,15.0,,,,,,-0.38241193333333334,,,,,-1.3779935836791992,440,-1.5914967894554137,0.2,0.002623991,0.0,-0.038046639412641525,0.0001,-0.004983616728859453,0.017794090695679186,
,,13,,690,,,,,,,,49,,,46,,,,15.0,,,,,,-0.39189834782608696,,,,,0.044277071952819824,450,-1.5803790926933288,0.2,0.0035619338,0.0,-0.07199110090732574,0.0001,-0.01760230189577374,0.014971675537526607,
,,13,,705,,,,,,,,50,,,47,,,,15.0,,,,,,-0.3980901276595745,,,,,0.3074425458908081,460,-1.6085211873054504,0.2,0.0008120894,0.0,-0.04580242186784744,0.0001,-0.0032988489504592877,0.005117509514093399,
,,13,,720,,,,,,,,51,,,48,,,,15.0,,,,,,-0.40524033333333337,,,,,-0.10539281368255615,470,-1.6031582832336426,0.2,0.0003005147,0.0,-0.042232584208250046,0.0001,-0.002883929467061552,0.011920865718275308,
,,13,,735,,,,,,,,52,,,49,,,,15.0,,,,,,-0.41258573469387755,,,,,0.37675654888153076,480,-1.6273315310478211,0.2,0.0043501137,0.0,-0.06808638572692871,0.0001,-0.016718764786298124,0.009072153642773629,
,,13,,750,,,,,,,,53,,,50,,,,15.0,,,,,,-0.41838714000000005,,,,,0.29240167140960693,490,-1.654003643989563,0.2,0.0048471848,0.0,-0.0721796452999115,0.0001,-0.01804937319985278,0.008834471553564071,
,,13,,765,,,,,,,,54,,,51,,,,15.0,,,,,,-0.4250812941176471,,,,,0.630830705165863,500,-1.6821844339370728,0.2,0.008560121,0.0,-0.07782424986362457,0.0001,-0.021251963879913127,0.004537697276100516,
,,13,,780,,,,,,,,55,,,52,,,,15.0,,,,,,-0.4302875576923077,,,,,0.4994680881500244,510,-1.6906420946121217,0.2,0.000198706,0.0,-0.028734115883708,0.0001,0.007765228614831798,0.005242763832211494,
,,13,,795,,,,,,,,56,,,53,,,,15.0,,,,,,-0.43700052830188685,,,,,0.8236582726240158,520,-1.6927865147590637,0.2,0.002734697,0.0,-0.07360607385635376,0.0001,-0.01793292880679189,0.0027525542536750436,
,,13,,810,,,,,,,,57,,,54,,,,15.0,,,,,,-0.44336670370370374,,,,,-0.07075035572052002,530,-1.6949794054031373,0.2,0.0017501552,0.0,-0.055633291602134705,0.0001,-0.009266342326882305,0.009906690241768957,
,,13,,825,,,,,,,,59,,,55,,,,15.0,,,,,,-0.4220676545454546,,,,,0.04470646381378174,540,-1.7061421275138855,0.2,0.0036736846,0.006666667014360428,-0.06240331009030342,0.0001,-0.01129780119149153,0.00911767897196114,
,,13,,840,,,,,,,,60,,,56,,,,15.0,,,,,,-0.4275168571428572,,,,,-1.617929220199585,550,-1.729892110824585,0.2,0.0011833668,0.0,0.20331096649169922,0.0001,0.005366154660003985,0.7899467200040817,
,,13,,855,,,,,,,,61,,,57,,,,15.0,,,,,,-0.4331045789473684,,,,,0.6702455580234528,560,-1.7438335180282594,0.2,0.00066448055,0.0,-0.02089090645313263,0.0001,-0.008118689873954565,0.09168689474463462,
,,13,,870,,,,,,,,62,,,58,,,,15.0,,,,,,-0.4137144655172414,,,,,0.22964543104171753,570,-1.7475082516670226,0.2,0.0004492402,0.0,-0.04684438928961754,0.0001,-0.005755309074302062,0.03429080303758383,
,,13,,885,,,,,,,,63,,,59,,,,15.0,,,,,,-0.3943805593220339,,,,,-1.9399354457855225,580,-1.7460292100906372,0.2,0.00040858984,0.0,0.24031618237495422,0.0001,-0.0001788178000424523,0.8093184173107147,
,,13,,900,,,,,,,,64,,,60,,,,15.0,,,,,,-0.40046111666666667,,,,,-7.121831893920898,590,-1.738381552696228,0.2,0.00029197533,0.0,-0.014492984861135483,0.0001,-0.005001438639204991,0.30501665249466897,
,,13,,915,,,,,,,,65,,,61,,,,15.0,,,,,,-0.40526260655737706,,,,,0.5759808719158173,600,-1.735252356529236,0.2,0.00015757084,0.0,0.23294270038604736,0.0001,-0.0008914990818205126,0.6127811133861542,
,,13,,930,,,,,,,,66,,,62,,,,15.0,,,,,,-0.41051541935483876,,,,,0.7257112562656403,610,-1.7315189719200135,0.2,0.00018015703,0.0,-0.020752031356096268,0.0001,-0.004603811090345289,0.21816732808947564,
,,13,,945,,,,,,,,67,,,63,,,,15.0,,,,,,-0.41428382539682546,,,,,0.7736877948045731,620,-1.7297999858856201,0.2,0.0012658357,0.0,-0.05130273103713989,0.0001,-0.01159852909933079,0.032372065773233774,
,,13,,960,,,,,,,,68,,,64,,,,15.0,,,,,,-0.420280296875,,,,,0.773891493678093,630,-1.7168687582015991,0.2,0.0043547708,0.0,-0.08195343613624573,0.0001,-0.02209322179822868,0.010709122940897941,
,,13,,975,,,,,,,,70,,,65,,,,15.0,,,,,,-0.40314201538461536,,,,,-2.0396933555603027,640,-1.6958572387695312,0.2,0.002229488,0.0,-0.05935782566666603,0.0001,-0.010270319978393162,0.01439736345782876,
,,13,,990,,,,,,,,71,,,66,,,,15.0,,,,,,-0.4075530606060606,,,,,-3.206416606903076,650,-1.6825504064559937,0.2,0.0010443091,0.0,0.17088040709495544,0.0001,-0.006007264606111206,0.7021616011857986,
,,13,,1005,,,,,,,,72,,,67,,,,15.0,,,,,,-0.41113065671641796,,,,,0.10946780443191528,660,-1.6736580371856689,0.2,0.0011756261,0.0,-0.013762541115283966,0.0001,-0.008588240483465626,0.09559263586997986,-0.02660224
,,13,,1020,,,,,,,,73,,,68,,,,15.0,,,,,,-0.4165471617647059,,,,,0.5627587735652924,670,-1.6562499165534974,0.2,0.0009245912,0.0,-0.04618348181247711,0.0001,-0.006283588094908055,0.03534323135390878,
,,13,,1035,,,,,,,,74,,,69,,,,15.0,,,,,,-0.4212775362318841,,,,,0.907612718641758,680,-1.661285936832428,0.2,0.0015224258,0.0,-0.04929043725132942,0.0001,-0.00742626831110158,0.004679593921173364,
,,13,,1050,,,,,,,,75,,,70,,,,15.0,,,,,,-0.42664771428571435,,,,,0.6027006804943085,690,-1.6659016847610473,0.2,0.0045437855,0.0,-0.06973470747470856,0.0001,-0.01617181859600043,0.005165853397920727,
,,13,,1065,,,,,,,,76,,,71,,,,15.0,,,,,,-0.4107074225352113,,,,,0.1307794451713562,700,-1.686491060256958,0.2,0.0040108124,0.013333334028720856,-0.06936107575893402,0.0001,-0.017653184413599553,0.005160996364429593,
,,13,,1080,,,,,,,,77,,,72,,,,15.0,,,,,,-0.41572872222222224,,,,,-5.945646286010742,710,-1.6979877948760986,0.2,0.002134172,0.0,0.19251535832881927,0.0001,-0.015582166857396551,0.8160608887672425,
,,13,,1095,,,,,,,,78,,,73,,,,15.0,,,,,,-0.4196962465753425,,,,,0.3197020888328552,720,-1.7180530428886414,0.2,0.0002743125,0.0,-0.005192335695028305,0.0001,0.00010494985520708156,0.0851787120103836,
,,13,,1110,,,,,,,,79,,,74,,,,15.0,,,,,,-0.42326889189189193,,,,,0.6950499415397644,730,-1.7153361916542054,0.2,0.0011154056,0.0,-0.06398982554674149,0.0001,-0.011394515772311297,0.027751268073916435,
,,13,,1125,,,,,,,,81,,,75,,,,15.0,,,,,,-0.42750713333333334,,,,,0.7294688820838928,740,-1.719618058204651,0.2,0.001564761,0.0,-0.060761500149965286,0.0001,-0.0116598032806845,0.006855132710188627,
,,13,,1140,,,,,,,,82,,,76,,,,15.0,,,,,,-0.41366277631578946,,,,,0.6647841036319733,750,-1.7115118861198426,0.2,0.0029357434,0.0,-0.06632682681083679,0.0001,-0.012281762833978683,0.0029962376807816326,
,,13,,1155,,,,,,,,83,,,77,,,,15.0,,,,,,-0.41722505194805193,,,,,-2.6716244220733643,760,-1.7028854966163636,0.2,0.0010077953,0.0,0.16507548093795776,0.0001,0.002170376379896766,0.6472296088933944,
,,13,,1170,,,,,,,,84,,,78,,,,15.0,,,,,,-0.4219817564102564,,,,,0.8169236332178116,770,-1.7075072169303893,0.2,0.0015877803,0.0,-0.03548058122396469,0.0001,-0.013408792307600236,0.08096197731792927,
,,13,,1185,,,,,,,,85,,,79,,,,15.0,,,,,,-0.4075932405063291,,,,,0.7526158839464188,780,-1.7100512981414795,0.2,0.0041376073,0.0,-0.09217209368944168,0.0001,-0.027898200859004872,0.03030188917182386,
,,13,,1200,,,,,,,,86,,,80,,,,15.0,,,,,,-0.3944248,,,,,-1.0201876163482666,790,-1.6876434803009033,0.2,0.002538987,0.0,0.1950022280216217,0.0001,-0.021361455551038945,0.739874541759491,
,,13,,1215,,,,,,,,87,,,81,,,,15.0,,,,,,-0.39862750617283954,,,,,-3.0578455924987793,800,-1.682427132129669,0.2,0.000510474,0.0,0.003856811672449112,0.0001,-0.0006898619803536121,0.2749650336802006,
,,13,,1230,,,,,,,,88,,,82,,,,15.0,,,,,,-0.38474839024390245,,,,,0.7255714237689972,810,-1.6886727929115295,0.2,0.00048073928,0.0,0.0971004068851471,0.0001,-0.006015248829110831,0.35500245094299315,
,,13,,1245,,,,,,,,90,,,83,,,,15.0,,,,,,-0.38840916867469877,,,,,-8.43526554107666,820,-1.691272211074829,0.2,0.0003401836,0.0,-0.011926598846912384,0.0001,-0.0054449541337078244,0.12667578235268592,
,,13,,1260,,,,,,,,91,,,84,,,,15.0,,,,,,-0.39262375,,,,,0.5372154712677002,830,-1.6800206661224366,0.2,0.00038291613,0.0,0.13818404078483582,0.0001,-0.003248014960905721,0.47660101056098936,
,,13,,1275,,,,,,,,92,,,85,,,,15.0,,,,,,-0.3790765764705883,,,,,0.8549395054578781,840,-1.6902305006980896,0.2,0.00072989066,0.0,-0.048641204833984375,0.0001,-0.004888160045181067,0.1059618117287755,
,,13,,1290,,,,,,,,93,,,86,,,,15.0,,,,,,-0.38246093023255817,,,,,-13.195920944213867,850,-1.6845265865325927,0.2,0.0006627957,0.0,0.1950356662273407,0.0001,0.0026727740163920545,0.5334691286087037,
,,13,,1305,,,,,,,,94,,,87,,,,15.0,,,,,,-0.38677495402298856,,,,,0.7975338250398636,860,-1.6833698391914367,0.2,0.00054677326,0.0,-0.03324682265520096,0.0001,-0.00488824490050348,0.057518065348267554,
,,13,,1320,,,,,,,,95,,,88,,,,15.0,,,,,,-0.3913530340909091,,,,,0.8744291812181473,870,-1.7068880558013917,0.2,0.0060436525,0.006666667014360428,-0.08126436918973923,0.0001,-0.020073680767478664,0.024087520758621396,
,,13,,1335,,,,,,,,96,,,89,,,,15.0,,,,,,-0.3956507191011236,,,,,0.44952094554901123,880,-1.7238561272621156,0.2,0.0024861733,0.0,-0.06949814409017563,0.0001,-0.006937330982182211,0.00906756822951138,
,,13,,1350,,,,,,,,97,,,90,,,,15.0,,,,,,-0.3838706111111111,,,,,-5.916993141174316,890,-1.7120286345481872,0.2,0.0013696154,0.0,-0.04781799390912056,0.0001,-0.006223823275261786,0.03961478085257113,
,,13,,1365,,,,,,,,98,,,91,,,,15.0,,,,,,-0.3721355934065934,,,,,-1.0773627758026123,900,-1.6990505695343017,0.2,0.0012837013,0.0,0.10575742274522781,0.0001,-0.009211699382091609,0.6292042911052704,
,,13,,1380,,,,,,,,99,,,92,,,,15.0,,,,,,-0.35968641304347826,,,,,-1.7037339210510254,910,-1.6861168980598449,0.2,0.0008490443,0.0,-0.04581502825021744,0.0001,-0.007828609358985262,0.15358354542404412,
,,13,,1395,,,,,,,,100,,,93,,,,15.0,,,,,,-0.36317108602150533,,,,,-1.0585126876831055,920,-1.6928444862365724,0.2,0.0019662539,0.0,-0.06404601037502289,0.0001,-0.016535116401500717,0.02818445283919573,
,,13,,1410,,,,,,,,101,,,94,,,,15.0,,,,,,-0.3658909468085106,,,,,0.03562217950820923,930,-1.6935409545898437,0.2,0.001114134,0.0,0.39132270216941833,0.0001,-0.005052992761290653,1.0668093681335449,
,,13,,1425,,,,,,,,102,,,95,,,,15.0,,,,,,-0.3691101578947367,,,,,0.28214168548583984,940,-1.70172461271286,0.2,0.0002589067,0.0,0.10999099910259247,0.0001,-0.0031657680859396463,0.5729860186576843,
,,13,,1440,,,,,,,,103,,,96,,,,15.0,,,,,,-0.37309417708333337,,,,,0.1552918553352356,950,-1.693715238571167,0.2,0.00046531358,0.0,-0.009318992495536804,0.0001,-0.006104609176011877,0.25266002118587494,
,,13,,1455,,,,,,,,105,,,97,,,,15.0,,,,,,-0.37635700000000005,,,,,0.8006725460290909,960,-1.688402819633484,0.2,0.0027652502,0.0,-0.06750533729791641,0.0001,-0.016331781019300707,0.02687497707083821,
,,13,,1470,,,,,,,,106,,,98,,,,15.0,,,,,,-0.3799129081632654,,,,,0.3816189169883728,970,-1.65245920419693,0.2,0.0032188059,0.0,-0.06881862133741379,0.0001,-0.01793260770384215,0.014167480915784837,
,,13,,1485,,,,,,,,107,,,99,,,,15.0,,,,,,-0.3689045454545455,,,,,0.27532583475112915,980,-1.6413629412651063,0.2,0.002919229,0.006666667014360428,-0.0592508427798748,0.0001,-0.01094659650174421,0.006352152046747506,
,,13,,1500,,,,,,,,108,,,100,,,,15.0,,,,,,-0.37178501,,,,,-2.9652678966522217,990,-1.666399312019348,0.2,0.0026997565,0.0,0.1849760115146637,0.0001,-0.012658165967246759,0.7156254142522812,
,,13,,1515,,,,,,,,109,,,101,,,,15.0,,,,,,-0.38575328,,,,,0.5571362674236298,1000,-1.6815542340278626,0.2,0.000587364,0.0,-0.030665650963783264,0.0001,-0.0041498956276335265,0.03781842477619648,
,,13,,1530,,,,,,,,110,,,102,,,,15.0,,,,,,-0.3853156,,,,,0.8269640952348709,1010,-1.661673331260681,0.2,0.0027892352,0.0,-0.05833759903907776,0.0001,-0.011136294049987328,0.02322233053855598,
,,13,,1545,,,,,,,,111,,,103,,,,15.0,,,,,,-0.37061606999999996,,,,,0.8246565759181976,1020,-1.661715304851532,0.2,0.00204552,0.0,-0.06437397003173828,0.0001,-0.012676870965709242,0.0066582044586539265,
,,13,,1560,,,,,,,,112,,,104,,,,15.0,,,,,,-0.37092647999999995,,,,,-1.8219795227050781,1030,-1.6754605174064636,0.2,0.0015601437,0.0,0.25613710284233093,0.0001,-0.004555803236241473,0.8021542429924011,
,,13,,1575,,,,,,,,113,,,105,,,,15.0,,,,,,-0.35683506000000004,,,,,0.8435748964548111,1040,-1.692255938053131,0.2,0.004216011,0.0,-0.06783974170684814,0.0001,-0.026932501484017733,0.058115594647824766,
,,13,,1590,,,,,,,,114,,,106,,,,15.0,,,,,,-0.3710718499999999,,,,,-4.95823335647583,1050,-1.7239921331405639,0.2,0.0032996258,0.0,0.1052004024386406,0.0001,-0.019224579309423805,0.49223179221153257,
,,13,,1605,,,,,,,,115,,,107,,,,15.0,,,,,,-0.37125178,,,,,0.6150725781917572,1060,-1.7338929772377014,0.2,0.0013043444,0.0,0.03166602551937103,0.0001,-0.004378311066150964,0.20137255042791366,
,,13,,1620,,,,,,,,116,,,108,,,,15.0,,,,,,-0.37070736,,,,,0.5722052454948425,1070,-1.7382843375205994,0.2,0.0005485813,0.0,-0.044910233467817307,0.0001,-0.006349473310983811,0.05993916904553771,
,,13,,1635,,,,,,,,117,,,109,,,,15.0,,,,,,-0.3701080399999999,,,,,0.733501672744751,1080,-1.7459476590156555,0.2,0.0019001762,0.0,-0.067463219165802,0.0001,-0.01584308158218244,0.008464122656732798,
,,13,,1650,,,,,,,,119,,,110,,,,15.0,,,,,,-0.37024151000000005,,,,,0.5928874611854553,1090,-1.7397049069404602,0.2,0.00040837924,0.0,-0.042042531073093414,0.0001,-0.0010192813083996556,0.01015265411697328,
,,13,,1665,,,,,,,,120,,,111,,,,15.0,,,,,,-0.35659766000000004,,,,,0.657184898853302,1100,-1.7322770595550536,0.2,0.0031346162,0.0,-0.07152408361434937,0.0001,-0.014592513339206192,0.00483271034900099,
,,13,,1680,,,,,,,,121,,,112,,,,15.0,,,,,,-0.37050236000000003,,,,,-2.6756327152252197,1110,-1.730329728126526,0.2,0.00021047989,0.0,0.25564923882484436,0.0001,0.0059831734451776695,0.7570628941059112,
,,13,,1695,,,,,,,,122,,,113,,,,15.0,,,,,,-0.37109366,,,,,0.7954916656017303,1120,-1.730271542072296,0.2,0.004845925,0.006666667014360428,-0.0593346543610096,0.0001,-0.019533515159660907,0.052266153320670125,
,,13,,1710,,,,,,,,123,,,114,,,,15.0,,,,,,-0.37105855,,,,,0.4096817970275879,1130,-1.7384489178657532,0.2,0.0021689136,0.0,-0.059188585728406906,0.0001,-0.011386555567538892,0.035197223722934726,
,,13,,1725,,,,,,,,124,,,115,,,,15.0,,,,,,-0.37118527,,,,,0.6754694879055023,1140,-1.7383750319480895,0.2,0.002367429,0.0,-0.060923829674720764,0.0001,-0.012646697611392454,0.007359498739242553,
,,13,,1740,,,,,,,,125,,,116,,,,15.0,,,,,,-0.38681864000000005,,,,,0.844258263707161,1150,-1.7252316355705262,0.2,0.002268541,0.0,-0.06608029454946518,0.0001,-0.012455756582009236,0.0027406477835029363,
,,13,,1755,,,,,,,,127,,,117,,,,15.0,,,,,,-0.38734035999999994,,,,,0.6180540025234222,1160,-1.7136560797691345,0.2,0.0018028974,0.0,-0.05865931883454323,0.0001,-0.009692092539238218,0.003920996026135981,
,,13,,1770,,,,,,,,128,,,118,,,,15.0,,,,,,-0.38840838000000005,,,,,0.8703312277793884,1170,-1.6948336720466615,0.2,0.0015474319,0.0,-0.058459606021642685,0.0001,-0.00973619199125153,0.002831368416082114,
,,13,,1785,,,,,,,,129,,,119,,,,15.0,,,,,,-0.38845023999999995,,,,,0.8433254659175873,1180,-1.6678377866744996,0.2,0.004584686,0.0,-0.0707380399107933,0.0001,-0.015933712770541675,0.0018065101117826997,
,,13,,1800,,,,,,,,130,,,120,,,,15.0,,,,,,-0.3889461,,,,,0.6834569573402405,1190,-1.6352415442466737,0.2,0.0051834425,0.0,-0.05645664408802986,0.0001,-0.01057702617486953,0.0033452992094680665,
,,13,,1815,,,,,,,,131,,,121,,,,15.0,,,,,,-0.40256536,,,,,0.7604775130748749,1200,-1.6235356211662293,0.2,0.00076599914,0.0,-0.05075235292315483,0.0001,-0.002440469709690518,0.0029518243623897432,
,,13,,1830,,,,,,,,132,,,122,,,,15.0,,,,,,-0.40198599,,,,,0.8303596079349518,1210,-1.6454809546470641,0.2,0.0014388204,0.0,-0.05612998828291893,0.0001,-0.007928769892314457,0.002016492490656674,
,,13,,1845,,,,,,,,133,,,123,,,,15.0,,,,,,-0.41620452,,,,,0.7704562246799469,1220,-1.6248173236846923,0.2,0.0035880923,0.0,-0.07601562142372131,0.0001,-0.01877232304929457,0.0030848226277157666,
,,13,,1860,,,,,,,,134,,,124,,,,15.0,,,,,,-0.41621488999999995,,,,,0.8105830103158951,1230,-1.5727027297019958,0.2,0.0033073425,0.0,-0.05344827473163605,0.0001,-0.009072938395741748,0.0023675512173213066,
,,13,,1875,,,,,,,,135,,,125,,,,15.0,,,,,,-0.43012546,,,,,0.5178864896297455,1240,-1.543681228160858,0.2,0.0015158296,0.0,-0.049838390201330185,0.0001,-0.007809807126953583,0.0038335046032443643,
,,13,,1890,,,,,,,,136,,,126,,,,15.0,,,,,,-0.43137132,,,,,0.7204138934612274,1250,-1.5601974487304688,0.2,0.005211854,0.006666667014360428,-0.08332357555627823,0.0001,-0.02259838922880597,0.0037696891464293002,
,,13,,1905,,,,,,,,137,,,127,,,,15.0,,,,,,-0.44706245,,,,,0.8963407203555107,1260,-1.6073541164398193,0.2,0.0017717719,0.0,-0.04686923697590828,0.0001,-0.0032864274018599817,0.002312332740984857,
,,13,,1920,,,,,,,,139,,,128,,,,15.0,,,,,,-0.46315966000000003,,,,,0.8110795468091965,1270,-1.6095723390579224,0.2,0.0008252859,0.0,-0.04608175903558731,0.0001,-0.004710022592383467,0.002136890613473952,
,,13,,1935,,,,,,,,140,,,129,,,,15.0,,,,,,-0.46428385000000005,,,,,-2.8817331790924072,1280,-1.6148724555969238,0.2,0.0040812017,0.0,-0.05886882171034813,0.0001,-0.01155665017121157,0.011583094066008926,
,,13,,1950,,,,,,,,141,,,130,,,,15.0,,,,,,-0.46468838000000007,,,,,0.551731526851654,1290,-1.6473349571228026,0.2,0.0002649943,0.0,-0.04270647466182709,0.0001,0.0004058232096334713,0.004995081084780395,
,,13,,1965,,,,,,,,142,,,131,,,,15.0,,,,,,-0.4647100300000001,,,,,0.23248088359832764,1300,-1.6299420475959778,0.2,0.005328421,0.0,-0.08127474784851074,0.0001,-0.022681439807638527,0.005029495200142264,
,,13,,1980,,,,,,,,143,,,132,,,,15.0,,,,,,-0.46528586000000005,,,,,0.45288199186325073,1310,-1.6121033906936646,0.2,0.007990213,0.03333333507180214,-0.07597392797470093,0.0001,-0.020077064936049282,0.00430844931397587,
,,13,,1995,,,,,,,,144,,,133,,,,15.0,,,,,,-0.46510853,,,,,0.6858656406402588,1320,-1.6346272468566894,0.2,0.013469243,0.06666667014360428,-0.06967270374298096,0.0001,-0.01960599357727908,0.002684587729163468,
,,13,,2010,,,,,,,,145,,,134,,,,15.0,,,,,,-0.46570669000000003,,,,,0.7901560664176941,1330,-1.6582167506217957,0.2,0.0020337463,0.0,-0.06146271154284477,0.0001,-0.0052015460655093545,0.0029818633571267127,-0.031058712
,,13,,2025,,,,,,,,146,,,135,,,,15.0,,,,,,-0.45137388,,,,,0.7553256005048752,1340,-1.6372382521629334,0.2,0.0076313415,0.006666667014360428,-0.08877850323915482,0.0001,-0.02465112591472769,0.0037284359335899354,
,,13,,2040,,,,,,,,147,,,136,,,,15.0,,,,,,-0.45205276000000005,,,,,-3.321472644805908,1350,-1.600021517276764,0.2,0.0044317367,0.0,0.2781926393508911,0.0001,-0.01369955641372762,0.9005102694034577,
,,13,,2055,,,,,,,,148,,,137,,,,15.0,,,,,,-0.46677876000000007,,,,,0.9030542969703674,1360,-1.5723952651023865,0.2,0.003471764,0.0,-0.04378712922334671,0.0001,-0.013516601005103723,0.04487526211887598,
,,13,,2070,,,,,,,,149,,,138,,,,15.0,,,,,,-0.48176153,,,,,0.7005316317081451,1370,-1.5499927401542664,0.2,0.0033328095,0.0,-0.051963381469249725,0.0001,-0.009916341976107645,0.017711566016077995,
,,13,,2085,,,,,,,,150,,,139,,,,15.0,,,,,,-0.48311453,,,,,0.6993517279624939,1380,-1.5328285217285156,0.2,0.0006113211,0.0,-0.04992610216140747,0.0001,-0.0038703222316684104,0.0038100735284388064,
,,13,,2100,,,,,,,,152,,,140,,,,15.0,,,,,,-0.46900973999999995,,,,,0.5714684128761292,1390,-1.565021562576294,0.2,0.0064340155,0.04000000059604645,-0.06764659285545349,0.0001,-0.015578431535201887,0.003125098627060652,
,,13,,2115,,,,,,,,153,,,141,,,,15.0,,,,,,-0.46939496999999997,,,,,-2.6764912605285645,1400,-1.5566932797431945,0.2,0.0010022442,0.0,0.2530647814273834,0.0001,-0.002179108074535918,0.8335538148880005,
,,13,,2130,,,,,,,,154,,,142,,,,15.0,,,,,,-0.4697386799999999,,,,,0.8643898367881775,1410,-1.560597562789917,0.2,0.0013822118,0.0,-0.04242338985204697,0.0001,-0.01480807736283225,0.05471508018672466,
,,13,,2145,,,,,,,,155,,,143,,,,15.0,,,,,,-0.46988411999999996,,,,,0.905810073018074,1420,-1.5893752098083496,0.2,0.0022927364,0.0,-0.062043242156505585,0.0001,-0.007774112528034749,0.015514968847855925,
,,13,,2160,,,,,,,,156,,,144,,,,15.0,,,,,,-0.47084009999999993,,,,,0.8442407995462418,1430,-1.5679496645927429,0.2,0.0012899319,0.0,-0.04864760860800743,0.0001,-0.004195324367222852,0.003386378148570657,
,,13,,2175,,,,,,,,157,,,145,,,,15.0,,,,,,-0.47146330999999997,,,,,0.27871036529541016,1440,-1.5782411813735961,0.2,0.0015967966,0.0,-0.05626283958554268,0.0001,-0.00877682695919546,0.005601702770218253,
,,13,,2190,,,,,,,,158,,,146,,,,15.0,,,,,,-0.47145888999999996,,,,,0.7946353405714035,1450,-1.558806574344635,0.2,0.0020253698,0.0,-0.05781230702996254,0.0001,-0.010824898314506726,0.004443268850445747,
,,13,,2205,,,,,,,,159,,,147,,,,15.0,,,,,,-0.4722791200000001,,,,,-0.6288852691650391,1460,-1.5566582441329957,0.2,0.0014289578,0.0,-0.057750340551137924,0.0001,-0.009561978847487041,0.009382017725147306,
,,13,,2220,,,,,,,,160,,,148,,,,15.0,,,,,,-0.47274085,,,,,0.8156581819057465,1470,-1.5998543977737427,0.2,0.003867964,0.0,-0.06747857481241226,0.0001,-0.013586116472724896,0.0028302295599132777,
,,13,,2235,,,,,,,,161,,,149,,,,15.0,,,,,,-0.47316555,,,,,0.32462072372436523,1480,-1.6271774411201476,0.2,0.012867777,0.06000000238418579,-0.08387552946805954,0.0001,-0.025829224598904334,0.01108226424548775,
,,13,,2250,,,,,,,,162,,,150,,,,15.0,,,,,,-0.47372711999999995,,,,,0.7463695406913757,1490,-1.6731957793235779,0.2,0.005553925,0.0,-0.07695362716913223,0.0001,-0.01991638663845734,0.003537529660388827,
,,13,,2265,,,,,,,,163,,,151,,,,15.0,,,,,,-0.47365967999999997,,,,,0.8961812779307365,1500,-1.6778714179992675,0.2,0.0042125382,0.0,-0.07908401638269424,0.0001,-0.01855827616682899,0.0011517339735291898,
,,13,,2280,,,,,,,,164,,,152,,,,15.0,,,,,,-0.4748768799999999,,,,,0.5667484700679779,1510,-1.669601571559906,0.2,0.0029726506,0.0,-0.05557255446910858,0.0001,-0.007896435798708624,0.0044369847979396585,
,,13,,2295,,,,,,,,166,,,153,,,,15.0,,,,,,-0.47544867999999996,,,,,0.8639912903308868,1520,-1.6606678247451783,0.2,0.0043802303,0.013333334028720856,-0.05512550100684166,0.0001,-0.010189577124159133,0.0013526020688004793,
,,13,,2310,,,,,,,,167,,,154,,,,15.0,,,,,,-0.47523818,,,,,0.7716103792190552,1530,-1.6667924046516418,0.2,0.003599425,0.0,-0.08463972061872482,0.0001,-0.019870030640159086,0.002146726520732045,
,,13,,2325,,,,,,,,168,,,155,,,,15.0,,,,,,-0.4899689,,,,,0.9105415418744087,1540,-1.6848283052444457,0.2,0.0014713486,0.0,-0.04058677330613136,0.0001,-0.001085150162640902,0.0009581615566276013,
,,13,,2340,,,,,,,,169,,,156,,,,15.0,,,,,,-0.49053559999999996,,,,,0.8718643039464951,1550,-1.6774505138397218,0.2,0.0007414182,0.0,-0.055084411054849625,0.0001,-0.008085126170869473,0.0015853610355407,
,,13,,2355,,,,,,,,170,,,157,,,,15.0,,,,,,-0.49040139999999993,,,,,0.9123757109045982,1560,-1.6834480881690979,0.2,0.003476421,0.0,-0.08262184262275696,0.0001,-0.018285259596692784,0.0022055085515603422,
,,13,,2370,,,,,,,,171,,,158,,,,15.0,,,,,,-0.50532808,,,,,0.8763141706585884,1570,-1.6900541067123414,0.2,0.001308314,0.0,-0.059818390756845474,0.0001,-0.008048604021314531,0.0017507353622931987,
,,13,,2385,,,,,,,,172,,,159,,,,15.0,,,,,,-0.5203067200000001,,,,,0.9243303015828133,1580,-1.674122154712677,0.2,0.0036748052,0.0,-0.07355303317308426,0.0001,-0.015620432705618725,0.00438691939925775,
,,13,,2400,,,,,,,,173,,,160,,,,15.0,,,,,,-0.50561287,,,,,0.8221614062786102,1590,-1.662468147277832,0.2,0.0007331093,0.0,-0.040491875261068344,0.0001,0.0009741008227381442,0.0021405257051810623,
,,13,,2415,,,,,,,,174,,,161,,,,15.0,,,,,,-0.5065852000000001,,,,,-3.4296164512634277,1600,-1.6681068420410157,0.2,0.00030831495,0.0,0.2605645954608917,0.0001,0.0004010725866343989,0.8406660377979278,
,,13,,2430,,,,,,,,175,,,162,,,,15.0,,,,,,-0.5071264999999999,,,,,0.9637984372675419,1610,-1.6663633227348327,0.2,0.0009814104,0.0,-0.030637262389063835,0.0001,-0.011204523580767045,0.07301669456064701,
,,13,,2445,,,,,,,,176,,,163,,,,15.0,,,,,,-0.5082099299999999,,,,,0.8348008096218109,1620,-1.692147135734558,0.2,0.0052356482,0.0,-0.08049529790878296,0.0001,-0.02094168821970612,0.016965368832461535,
,,13,,2460,,,,,,,,177,,,164,,,,15.0,,,,,,-0.50841623,,,,,0.7919270545244217,1630,-1.7069299340248107,0.2,0.0058262628,0.0,-0.06893520802259445,0.0001,-0.015574900903739319,0.003915558406151831,
,,13,,2475,,,,,,,,178,,,165,,,,15.0,,,,,,-0.52359785,,,,,0.4896796941757202,1640,-1.7204041600227356,0.2,0.0021566113,0.0,-0.06093433499336243,0.0001,-0.011222284658191129,0.0034231403144076465,
,,13,,2490,,,,,,,,179,,,166,,,,15.0,,,,,,-0.52454512,,,,,0.9005307331681252,1650,-1.736235797405243,0.2,0.0023515462,0.0,-0.0677928626537323,0.0001,-0.013683577748015808,0.0008893307764083147,
,,13,,2505,,,,,,,,181,,,167,,,,15.0,,,,,,-0.5258236100000001,,,,,0.7904754132032394,1660,-1.7433665156364442,0.2,0.01045661,0.020000000298023225,-0.10774840414524078,0.0001,-0.03436436774830014,0.0019884611130692063,
,,13,,2520,,,,,,,,182,,,168,,,,15.0,,,,,,-0.52568482,,,,,0.5549873411655426,1670,-1.7448537826538086,0.2,0.008892417,0.0,-0.07869574427604675,0.0001,-0.0197163803099345,0.00370356987696141,
,,13,,2535,,,,,,,,183,,,169,,,,15.0,,,,,,-0.5253737300000001,,,,,0.8258736878633499,1680,-1.7499949216842652,0.2,0.0015093366,0.0,-0.05421196296811104,0.0001,-0.006240220886732928,0.002207634679507464,
,,13,,2550,,,,,,,,184,,,170,,,,15.0,,,,,,-0.52445987,,,,,0.7734715193510056,1690,-1.741938877105713,0.2,0.0077392063,0.026666668057441712,-0.11198627203702927,0.0001,-0.03319998791130878,0.003208474162966013,
,,13,,2565,,,,,,,,185,,,171,,,,15.0,,,,,,-0.5390251800000001,,,,,0.6661571562290192,1700,-1.7479337453842163,0.2,0.0036080997,0.0,-0.07927265018224716,0.0001,-0.019548428373721904,0.0044579935725778345,
,,13,,2580,,,,,,,,186,,,172,,,,15.0,,,,,,-0.5381085900000001,,,,,0.972718546167016,1710,-1.743047058582306,0.2,0.0012708107,0.0,-0.0458080992102623,0.0001,-0.0027736339951903942,0.0015724639088148251,
,,13,,2595,,,,,,,,187,,,173,,,,15.0,,,,,,-0.5243974,,,,,0.9027361199259758,1720,-1.7444569706916808,0.2,0.0038787285,0.0,-0.08552348613739014,0.0001,-0.021077590403147183,0.003606228996068239,
,,13,,2610,,,,,,,,188,,,174,,,,15.0,,,,,,-0.52505413,,,,,-3.616279125213623,1730,-1.735451877117157,0.2,0.002517136,0.0,0.22543323040008545,0.0001,1.651088595622241e-05,0.7756541252136231,
,,13,,2625,,,,,,,,189,,,175,,,,15.0,,,,,,-0.52512969,,,,,0.8784678131341934,1740,-1.733096444606781,0.2,0.00080718996,0.0,-0.016544044017791748,0.0001,-0.009781470772819744,0.09168571829795838,
,,13,,2640,,,,,,,,191,,,176,,,,15.0,,,,,,-0.5391979,,,,,0.8302193582057953,1750,-1.7320538878440856,0.2,0.002549398,0.0,-0.06798211485147476,0.0001,-0.013736889113982187,0.03184161577373743,
,,13,,2655,,,,,,,,192,,,177,,,,15.0,,,,,,-0.53945813,,,,,0.9301451221108437,1760,-1.7313817024230957,0.2,0.004331724,0.0,-0.0735221728682518,0.0001,-0.01867530435013265,0.0036888171802274884,
,,13,,2670,,,,,,,,193,,,178,,,,15.0,,,,,,-0.5390282,,,,,0.9130954965949059,1770,-1.7323136448860168,0.2,0.0019024094,0.0,-0.06038333475589752,0.0001,-0.008022682753313947,0.002901972143445164,
,,13,,2685,,,,,,,,194,,,179,,,,15.0,,,,,,-0.55341104,,,,,0.9044046774506569,1780,-1.7231186270713805,0.2,0.0022696177,0.0,-0.07312493026256561,0.0001,-0.01593164730894685,0.0012596173444762826,
,,13,,2700,,,,,,,,195,,,180,,,,15.0,,,,,,-0.56687122,,,,,0.8839801028370857,1790,-1.7167435169219971,0.2,0.003996694,0.0,-0.08005516976118088,0.0001,-0.01752485253770537,0.0017923093284480274,
,,13,,2715,,,,,,,,196,,,181,,,,15.0,,,,,,-0.56738597,,,,,0.9059718102216721,1800,-1.7170250177383424,0.2,0.0016167999,0.0,-0.0583520270884037,0.0001,-0.006900231569112858,0.0013777140295132995,
,,13,,2730,,,,,,,,197,,,182,,,,15.0,,,,,,-0.56760967,,,,,0.9094316735863686,1810,-1.6973592877388,0.2,0.0026910147,0.0,-0.06623230874538422,0.0001,-0.013306957845731304,0.0013576112687587738,
,,13,,2745,,,,,,,,198,,,183,,,,15.0,,,,,,-0.5545709200000001,,,,,-3.7800326347351074,1820,-1.6766099095344544,0.2,0.0035068116,0.0,0.23837310075759888,0.0001,-0.0218901373911649,0.8602544128894806,
,,13,,2760,,,,,,,,199,,,184,,,,15.0,,,,,,-0.5541498699999999,,,,,-3.7643189430236816,1830,-1.6639824867248536,0.2,0.0009051164,0.0,0.033010758459568024,0.0001,-0.008449176663998515,0.3943380892276764,
,,13,,2775,,,,,,,,200,,,185,,,,15.0,,,,,,-0.56927823,,,,,0.7751563638448715,1840,-1.6441390872001649,0.2,0.00061113836,0.0,0.0650598555803299,0.0001,-0.005563879465529453,0.2648125395178795,
,,13,,2790,,,,,,,,201,,,186,,,,15.0,,,,,,-0.56988574,,,,,0.7317385077476501,1850,-1.632028865814209,0.2,0.00059167546,0.0,-0.0296517014503479,0.0001,-0.005187413311406886,0.12946589067578315,
,,13,,2805,,,,,,,,202,,,187,,,,15.0,,,,,,-0.56992143,,,,,0.9219771474599838,1860,-1.6204023838043213,0.2,0.0023569863,0.0,-0.06198607012629509,0.0001,-0.01282970184673644,0.012039850861765445,
,,13,,2820,,,,,,,,204,,,188,,,,15.0,,,,,,-0.5699337400000001,,,,,0.7926335781812668,1870,-1.6006202459335328,0.2,0.0029678384,0.0,-0.06067468225955963,0.0001,-0.009895065329461872,0.0035933260107412933,
,,13,,2835,,,,,,,,205,,,189,,,,15.0,,,,,,-0.56927057,,,,,0.5366558134555817,1880,-1.6211467266082764,0.2,0.002859525,0.0,-0.05756174027919769,0.0001,-0.009331409155226211,0.0038216976914554833,
,,13,,2850,,,,,,,,206,,,190,,,,15.0,,,,,,-0.5832249,,,,,0.7349293828010559,1890,-1.6463762164115905,0.2,0.002118977,0.0,-0.06049460917711258,0.0001,-0.012464641619784089,0.005053341318853199,
,,13,,2865,,,,,,,,207,,,191,,,,15.0,,,,,,-0.5966398,,,,,0.8919086754322052,1900,-1.6727133870124817,0.2,0.0012808879,0.0,-0.06297409534454346,0.0001,-0.010776989912459012,0.0024933857144787907,
,,13,,2880,,,,,,,,208,,,192,,,,15.0,,,,,,-0.61221052,,,,,0.6835578680038452,1910,-1.6565499305725098,0.2,0.0009411454,0.0,-0.05094332993030548,0.0001,-0.006306502987378515,0.005537105491384864,
,,13,,2895,,,,,,,,209,,,193,,,,15.0,,,,,,-0.61270354,,,,,0.8679727911949158,1920,-1.6583092093467713,0.2,0.002584513,0.0,-0.06424501538276672,0.0001,-0.014427038387705694,0.00731193486135453,
,,13,,2910,,,,,,,,210,,,194,,,,15.0,,,,,,-0.6136796200000001,,,,,0.9299562945961952,1930,-1.6466681003570556,0.2,0.0048631667,0.0,-0.0743812844157219,0.0001,-0.019702052250504566,0.0021969630382955075,
,,13,,2925,,,,,,,,211,,,195,,,,15.0,,,,,,-0.5990505,,,,,0.955487746745348,1940,-1.6333745479583741,0.2,0.0012086948,0.0,-0.0506097748875618,0.0001,-0.008114513412583336,0.0007070787600241601,
,,13,,2940,,,,,,,,212,,,196,,,,15.0,,,,,,-0.58383545,,,,,-2.3968582153320312,1950,-1.6085219740867616,0.2,0.0014748931,0.0,0.2975970208644867,0.0001,-0.014641363262198582,0.9601136088371277,
,,13,,2955,,,,,,,,214,,,197,,,,15.0,,,,,,-0.58408151,,,,,-7.37858772277832,1960,-1.5861528635025024,0.2,0.0011163831,0.0,0.039481353014707565,0.0001,-0.010400527402137528,0.4085594564676285,
,,13,,2970,,,,,,,,215,,,198,,,,15.0,,,,,,-0.58384861,,,,,0.7390561699867249,1970,-1.559644913673401,0.2,0.00045104822,0.0,0.09676189720630646,0.0001,-0.001580237756098768,0.30630717873573304,
,,13,,2985,,,,,,,,216,,,199,,,,15.0,,,,,,-0.5986998699999999,,,,,0.8306106626987457,1980,-1.55369690656662,0.2,0.0013288856,0.0,-0.048105958849191666,0.0001,-0.011529738488606967,0.11320653073489666,
,,13,,3000,,,,,,,,217,,,200,,,,15.0,,,,,,-0.5993578899999998,,,,,0.8557406961917877,1990,-1.5618430376052856,0.2,0.0023998776,0.0,-0.045930445194244385,0.0001,-0.007490326415863535,0.02333257768768817,-0.03945333
,,13,,3015,,,,,,,,218,,,201,,,,15.0,,,,,,-0.58426614,,,,,0.9226072654128075,2000,-1.5523422122001649,0.2,0.0029929955,0.0,-0.07446412742137909,0.0001,-0.01411233377410106,0.005062709213234484,
,,13,,3030,,,,,,,,219,,,202,,,,15.0,,,,,,-0.5854131899999999,,,,,-2.3951849937438965,2010,-1.5909712314605713,0.2,0.0018235206,0.0,0.27968940138816833,0.0001,-0.0013585776070250688,0.919450557231903,
,,13,,3045,,,,,,,,220,,,203,,,,15.0,,,,,,-0.58635492,,,,,0.8024681657552719,2020,-1.6358584403991698,0.2,0.0025517822,0.0,-0.033007942140102386,0.0001,-0.006738647294308464,0.045486940816044805,
,,13,,3060,,,,,,,,221,,,204,,,,15.0,,,,,,-0.58624771,,,,,-2.662651300430298,2030,-1.6481168508529662,0.2,0.0006784638,0.0,0.20187418162822723,0.0001,-0.0032682016079590426,0.6217673540115356,
