params/normalize_advantage,params/gamma,params/device,params/n_steps,rollout/ep_len_mean,params/learning_rate,params/ent_coef,params/policy_kwargs,time/iterations,time/fps,params/stats_window_size,rollout/ep_rew_mean,time/total_timesteps,params/rollout_buffer_class,params/sde_sample_freq,params/n_epochs,params/max_grad_norm,params/rollout_buffer_kwargs,params/clip_range,params/batch_size,time/time_elapsed,params/seed,params/clip_range_vf,params/vf_coef,params/_init_setup_model,mean_reward,params/verbose,params/policy,params/use_sde,params/gae_lambda,train/explained_variance,train/loss,train/n_updates,train/approx_kl,train/value_loss,train/clip_range,train/policy_gradient_loss,train/clip_fraction,train/learning_rate,train/entropy_loss,eval/mean_reward,eval/mean_ep_length
True,0.99,"auto",750,15.0,<function learning_rate_schedule.<locals>.<lambda> at 0x355427430>,0.03,{'net_arch': [{'pi': [256, 256, 128], 'vf': [256, 256, 128]}]},1,14,100,0.5203922,750,,-1,30,0.7,,0.2,750,51,69,,0.5,True,-0.39762127,1,"MlpPolicy",False,0.95,,,,,,,,,,,,
,,,,15.0,,,,2,13,,0.53206651,1500,,,,,,,,111,,,,,0.541425,,,,,-0.08603107929229736,0.012940481305122375,13020,0.009484311,0.2768735950191816,0.2,-0.020036196879897734,0.09320000096534689,9.998125e-05,-1.1662284135818481,,
,,,,15.0,,,,3,13,,0.58041308,2250,,,,,,,,161,,,,,0.54351395,,,,,-0.09286916255950928,-0.012522295117378235,13050,0.013756389,0.17229149242242178,0.2,-0.03272391999687798,0.14075555626768618,9.99625e-05,-1.1387013753255208,,
,,,,15.0,,,,4,13,,0.6834828200000002,3000,,,,,,,,214,,,,,0.59747285,,,,,-0.02040278911590576,-0.014580801129341125,13080,0.01075885,0.14662898828585944,0.2,-0.028384047164436845,0.17137777799119552,9.994375e-05,-1.1466591358184814,,
,,,,15.0,,,,5,14,,0.8248281800000001,3750,,,,,,,,265,,,,,0.7860187,,,,,0.029814958572387695,-0.0011240020394325256,13110,0.015294778,0.19643347561359406,0.2,-0.03432855539547492,0.1570222230007251,9.9925e-05,-1.1419857382774352,,
,,,,15.0,,,,6,14,,0.9365469800000001,4500,,,,,,,,319,,,,,0.8828033,,,,,0.05813872814178467,-0.009632118046283722,13140,0.016543768,0.18958103706439336,0.2,-0.03743212520448077,0.15680000009015202,9.990625e-05,-1.0933844208717347,,
,,,,,,,,,,,,5000,,,,,,,,,,,,,0.95386386,,,,,0.00833749771118164,-0.007267698645591736,13170,0.01415845,0.17780769765377044,0.2,-0.03343417673928452,0.13515555554380018,9.988750000000001e-05,-1.0833179354667664,1.5317684412002563,15.0
,,,,15.05,,,,7,13,,1.02292513,5250,,,,,,,,376,,,,,,,,,,,,,,,,,,,,,
,,,,15.05,,,,8,14,,1.1467393099999998,6000,,,,,,,,428,,,,,1.0906852,,,,,0.07046002149581909,-0.004547394812107086,13200,0.014082732,0.18989614496628443,0.2,-0.035140587210800094,0.13791111161311467,9.986875000000001e-05,-1.024097772439321,,
,,,,15.0,,,,9,14,,1.3001184700000001,6750,,,,,,,,479,,,,,1.2598279,,,,,-0.027737021446228027,-0.029077820479869843,13230,0.01224821,0.14202532668908438,0.2,-0.03450626322384925,0.10262222314874331,9.985000000000001e-05,-1.0062031229337056,,
,,,,15.0,,,,10,14,,1.2454423799999998,7500,,,,,,,,531,,,,,1.3803182,,,,,0.16880279779434204,-0.05212157219648361,13260,0.014840729,0.07762218962113063,0.2,-0.031965380958747146,0.17973333361248175,9.983125e-05,-1.014102695385615,,
,,,,15.0,,,,11,14,,1.1358960599999997,8250,,,,,,,,582,,,,,1.0717255,,,,,0.005556344985961914,0.012995541095733643,13290,0.011259296,0.22953025251626968,0.2,-0.030995179759359223,0.12408888873954614,9.98125e-05,-0.9933422048886617,,
,,,,15.0,,,,12,14,,1.2351153100000003,9000,,,,,,,,633,,,,,1.1785381,,,,,0.05416947603225708,-0.015152640640735626,13320,0.014684821,0.17109077920516333,0.2,-0.03414025364952782,0.09675555625775208,9.979375e-05,-0.9718369205792745,,
,,,,15.0,,,,13,14,,1.31176679,9750,,,,,,,,685,,,,,1.3315916,,,,,-0.203360915184021,-0.03207359462976456,13350,0.013353919,0.1247500146428744,0.2,-0.03232056061553045,0.12462222247074048,9.9775e-05,-0.9563687225182851,,
,,,,,,,,,,,,10000,,,,,,,,,,,,,1.3135186,,,,,-0.02212834358215332,-0.02810734510421753,13380,0.013715801,0.12412910585602124,0.2,-0.03135108563939314,0.12128888989488283,9.975625e-05,-0.9580232858657837,1.4008232593536376,15.0
,,,,15.05,,,,14,14,,1.3217170300000003,10500,,,,,,,,741,,,,,,,,,,,,,,,,,,,,,
,,,,15.05,,,,15,14,,1.3244859,11250,,,,,,,,794,,,,,1.2906885,,,,,0.04042172431945801,-0.038326408714056015,13410,0.011067867,0.10157372752825419,0.2,-0.03104180601632424,0.13053333448867002,9.97375e-05,-0.9527364631493886,,
,,,,15.0,,,,16,14,,1.31511286,12000,,,,,,,,847,,,,,1.3581675,,,,,-0.00756227970123291,-0.020013555884361267,13440,0.016240327,0.15552690178155898,0.2,-0.036063526273477406,0.16066666692495346,9.971875000000001e-05,-0.9490088105201722,,
,,,,15.0,,,,17,14,,1.3358565999999998,12750,,,,,,,,901,,,,,1.3099393,,,,,0.089205801486969,-0.03873344510793686,13470,0.013219698,0.09893579259514809,0.2,-0.03332623065542428,0.15071111146050195,9.970000000000001e-05,-0.9105573316415151,,
,,,,15.0,,,,18,14,,1.27927653,13500,,,,,,,,958,,,,,1.3609155,,,,,0.0003827214241027832,-0.04892468452453613,13500,0.012822594,0.07342880914608638,0.2,-0.03157849144726577,0.10631111208349467,9.968125e-05,-0.9186696310838064,,
,,,,15.0,,,,19,14,,1.2615486900000001,14250,,,,,,,,1010,,,,,1.1774487,,,,,0.022838950157165527,-0.01827731728553772,13530,0.0148567865,0.14010412047306697,0.2,-0.03130052789673208,0.1298222218795369,9.96625e-05,-0.914334358771642,,
,,,,,,,,,,,,15000,,,,,,,,,,,,,1.3458643,,,,,0.14186841249465942,-0.032461151480674744,13560,0.012720822,0.10967055186629296,0.2,-0.031122869746604328,0.12426666654646397,9.964374999999999e-05,-0.9201693813006083,1.5972543001174926,15.0
,,,,15.0,,,,20,14,,1.36929758,15000,,,,,,,,1067,,,,,,,,,,,,,,,,,,,,,
,,,,15.05,,,,21,14,,1.3280195699999995,15750,,,,,,,,1118,,,,,1.4143335,,,,,-0.03717851638793945,-0.05663800984621048,13590,0.016838338,0.059183537339170776,0.2,-0.03143971075765369,0.1488444457296282,9.962500000000001e-05,-0.9649281243483225,,
,,,,15.05,,,,22,14,,1.30373916,16500,,,,,,,,1169,,,,,1.2210894,,,,,-0.001847386360168457,-0.017369277775287628,13620,0.012911789,0.14009467661380767,0.2,-0.03045330269484676,0.12511111147080858,9.960625e-05,-0.934184608856837,,
,,,,15.0,,,,23,14,,1.3759451800000002,17250,,,,,,,,1221,,,,,1.3846581,,,,,0.029179096221923828,-0.039058152586221695,13650,0.015569749,0.092732984572649,0.2,-0.030990662781604488,0.16528888835261266,9.95875e-05,-0.9569449961185456,,
,,,,15.0,,,,24,14,,1.3365255199999995,18000,,,,,,,,1272,,,,,1.3682362,,,,,0.10182857513427734,-0.050062261521816254,13680,0.01135232,0.06423489737013975,0.2,-0.02961734239854333,0.14186666579917073,9.956875e-05,-0.9582056641578675,,
,,,,15.0,,,,25,14,,1.2475436700000002,18750,,,,,,,,1323,,,,,1.2651329,,,,,0.10732710361480713,-0.04651503264904022,13710,0.016621022,0.09689464420080185,0.2,-0.034165746099170696,0.16160000052768736,9.955000000000001e-05,-0.9736183404922485,,
,,,,15.0,,,,26,14,,1.29324413,19500,,,,,,,,1375,,,,,1.2506462,,,,,-0.056638121604919434,-0.02698066085577011,13740,0.015421717,0.15029139171044031,0.2,-0.035688443464920346,0.1489333334689339,9.953125000000001e-05,-0.968390574057897,,
,,,,,,,,,,,,20000,,,,,,,,,,,,,1.3537554,,,,,0.058703482151031494,-0.0411161445081234,13770,0.013166153,0.09279513657093048,0.2,-0.029487816646767584,0.11764444454262654,9.95125e-05,-0.9951642513275146,1.577043080329895,15.0
,,,,15.05,,,,27,14,,1.3395427499999997,20250,,,,,,,,1432,,,,,,,,,,,,,,,,,,,,,
,,,,15.05,,,,28,14,,1.2832835,21000,,,,,,,,1485,,,,,1.3216236,,,,,0.12464171648025513,-0.03995979577302933,13800,0.016728383,0.10813650811711947,0.2,-0.035400024517273705,0.15746666627625625,9.949375e-05,-0.9744240502516429,,
,,,,15.0,,,,29,14,,1.29368276,21750,,,,,,,,1536,,,,,1.2454892,,,,,0.01527094841003418,-0.019549019634723663,13830,0.010876925,0.1571696862578392,0.2,-0.03389243637149531,0.12111111115664244,9.9475e-05,-1.0081122835477194,,
,,,,15.0,,,,30,14,,1.3671812200000002,22500,,,,,,,,1588,,,,,1.343861,,,,,-0.06274521350860596,-0.04042302072048187,13860,0.013872584,0.10422591964403788,0.2,-0.03177157073546617,0.12426666651541989,9.945625000000001e-05,-0.9775150716304779,,
,,,,15.0,,,,31,14,,1.3969350299999999,23250,,,,,,,,1642,,,,,1.4115715,,,,,0.2194575071334839,-0.05692591518163681,13890,0.01105896,0.06109339694182078,0.2,-0.03100346583721958,0.13604444588224093,9.94375e-05,-0.9610764424006144,,
,,,,15.0,,,,32,14,,1.4204237000000004,24000,,,,,,,,1695,,,,,1.382763,,,,,-0.053927063941955566,-0.04378076642751694,13920,0.014245966,0.09311091800530752,0.2,-0.03255162655723591,0.16222222217669088,9.941875e-05,-0.9823594133059184,,
,,,,15.0,,,,33,14,,1.3432756300000006,24750,,,,,,,,1747,,,,,1.4607006,,,,,0.0404927134513855,-0.061087846755981445,13950,0.015787695,0.05048948029677073,0.2,-0.032773475176447776,0.1475555549065272,9.94e-05,-0.9880397160847981,,
,,,,,,,,,,,,25000,,,,,,,,,,,,,1.184314,,,,,0.03307312726974487,-0.013534553349018097,13980,0.011239688,0.15859124809503555,0.2,-0.031026129719801253,0.12533333248769243,9.938125e-05,-0.9952170789241791,1.6021430492401123,15.0
,,,,15.05,,,,34,14,,1.2692998999999998,25500,,,,,,,,1805,,,,,,,,,,,,,,,,,,,,,
,,,,15.05,,,,35,14,,1.36211879,26250,,,,,,,,1856,,,,,1.3529505,,,,,-0.001214742660522461,-0.034093983471393585,14010,0.013868037,0.12094708134730657,0.2,-0.035755618357782556,0.15231111142784357,9.936250000000001e-05,-0.940252826611201,,
,,,,15.0,,,,36,14,,1.3836233100000002,27000,,,,,,,,1908,,,,,1.4136357,,,,,0.029251277446746826,-0.053719110786914825,14040,0.015230354,0.06615596438447634,0.2,-0.03219820069304357,0.1589777784732481,9.934375e-05,-0.9613569657007853,,
,,,,15.0,,,,37,14,,1.4027156300000003,27750,,,,,,,,1960,,,,,1.3529482,,,,,0.04614537954330444,-0.038092393428087234,14070,0.015989792,0.10667960246404012,0.2,-0.034554849931577,0.1364888888473312,9.932500000000002e-05,-0.9563762168089549,,
,,,,15.0,,,,38,14,,1.4242462300000003,28500,,,,,,,,2010,,,,,1.4502916,,,,,-0.026343822479248047,-0.06444630771875381,14100,0.01419738,0.047553505500157675,0.2,-0.030980043984266608,0.1436444436510404,9.930625e-05,-0.9799862662951152,,
,,,,15.0,,,,39,14,,1.34862826,29250,,,,,,,,2062,,,,,1.3795786,,,,,-0.0009249448776245117,-0.05553826689720154,14130,0.01573819,0.06561461873352528,0.2,-0.03168651133968184,0.16808889005333186,9.928750000000001e-05,-0.9626754661401112,,
,,,,,,,,,,,,30000,,,,,,,,,,,,,1.317507,,,,,-0.026812076568603516,-0.025395464152097702,14160,0.01279991,0.12694863602519035,0.2,-0.03025857930187549,0.10835555583859484,9.926875e-05,-0.9860235710938772,1.3722961127758027,15.0
,,,,15.0,,,,40,14,,1.32366446,30000,,,,,,,,2118,,,,,,,,,,,,,,,,,,,,,
,,,,15.05,,,,41,14,,1.3598455700000005,30750,,,,,,,,2169,,,,,1.3470932,,,,,0.00034677982330322266,-0.04373751953244209,14190,0.01630609,0.10148295586307844,0.2,-0.03675883234753791,0.15417777777959904,9.925e-05,-0.9857673843701681,,
,,,,15.05,,,,42,14,,1.3812071799999999,31500,,,,,,,,2220,,,,,1.3353375,,,,,-0.03481709957122803,-0.04729370027780533,14220,0.018981615,0.08769377022981643,0.2,-0.03402410397686892,0.16795555613934993,9.923125e-05,-0.9718928376833598,,
,,,,15.0,,,,43,14,,1.3883408300000002,32250,,,,,,,,2272,,,,,1.4093329,,,,,0.09724241495132446,-0.04309627786278725,14250,0.012238309,0.08156309848030409,0.2,-0.033312203059014354,0.19555555377155542,9.92125e-05,-0.946286694208781,,
,,,,15.0,,,,44,14,,1.3550434500000004,33000,,,,,,,,2323,,,,,1.4072669,,,,,-0.09349179267883301,-0.049351293593645096,14280,0.031144546,0.08025706236561139,0.2,-0.03568700396832488,0.21035555697356662,9.919375000000001e-05,-0.9489263753096263,,
,,,,15.0,,,,45,14,,1.3552523100000005,33750,,,,,,,,2372,,,,,1.2833682,,,,,-0.056578874588012695,-0.028860613703727722,14310,0.013677412,0.13100905045866967,0.2,-0.03346340782307089,0.13773333278174202,9.917500000000001e-05,-0.9432246526082356,,
,,,,15.0,,,,46,14,,1.36004714,34500,,,,,,,,2423,,,,,1.4253956,,,,,-0.035636186599731445,-0.038529522716999054,14340,0.016730856,0.0852228415509065,0.2,-0.029099050306383933,0.13582222300271193,9.915625000000001e-05,-0.9358169277509053,,
,,,,,,,,,,,,35000,,,,,,,,,,,,,1.3323404,,,,,-0.03152644634246826,-0.05252254754304886,14370,0.020041749,0.08779251525799434,0.2,-0.03718600810021163,0.1614222220921268,9.91375e-05,-0.9386783063411712,1.5655021667480469,15.0
,,,,15.05,,,,47,14,,1.36298552,35250,,,,,,,,2479,,,,,,,,,,,,,,,,,,,,,
,,,,15.05,,,,48,14,,1.37506963,36000,,,,,,,,2532,,,,,1.3778081,,,,,-0.02130722999572754,-0.029947839677333832,14400,0.016896244,0.10305331473549208,0.2,-0.02973247488621209,0.11164444359019399,9.911875000000001e-05,-0.920590474208196,,
,,,,15.0,,,,49,14,,1.3738077699999998,36750,,,,,,,,2583,,,,,1.3737987,,,,,0.03228163719177246,-0.03436325863003731,14430,0.013232775,0.10848376999298731,0.2,-0.03218651376810548,0.10577777759172022,9.91e-05,-0.9711138447125752,,
,,,,15.0,,,,50,14,,1.4414528000000002,37500,,,,,,,,2633,,,,,1.392093,,,,,0.05615192651748657,-0.055715881288051605,14460,0.013129947,0.06330638552705446,0.2,-0.03096027508427698,0.13195555542285245,9.908125e-05,-0.9723973135153453,,
,,,,15.0,,,,51,14,,1.4325441100000003,38250,,,,,,,,2685,,,,,1.4686081,,,,,0.02145373821258545,-0.05904044210910797,14490,0.01640073,0.03571503944694996,0.2,-0.026791973268758092,0.20013333410024642,9.90625e-05,-0.9910558581352233,,
,,,,15.0,,,,52,14,,1.3347428499999998,39000,,,,,,,,2737,,,,,1.3938876,,,,,-0.02228832244873047,-0.04039813205599785,14520,0.015057397,0.09366925184925397,0.2,-0.034449631696898075,0.15937777766957878,9.904375e-05,-0.95357426404953,,
,,,,15.0,,,,53,14,,1.4028866800000004,39750,,,,,,,,2787,,,,,1.2963486,,,,,0.020522594451904297,-0.0353207029402256,14550,0.014238184,0.12292131831248601,0.2,-0.035462967258029526,0.1770666666018466,9.902500000000001e-05,-0.9718457023302715,,
,,,,,,,,,,,,40000,,,,,,,,,,,,,1.5124431,,,,,-0.003212451934814453,-0.057051122188568115,14580,0.016955998,0.0337717496479551,0.2,-0.025244029262620652,0.16382222049869596,9.900625000000001e-05,-0.9458210289478302,1.5844037532806396,15.0
,,,,15.05,,,,54,14,,1.42773007,40500,,,,,,,,2843,,,,,,,,,,,,,,,,,,,,,
,,,,15.05,,,,55,14,,1.31992616,41250,,,,,,,,2894,,,,,1.344007,,,,,-0.02161109447479248,-0.040564533323049545,14610,0.011824594,0.08342515031496683,0.2,-0.028971617074269377,0.10426666607769827,9.898750000000001e-05,-0.9416641096274058,,
,,,,15.0,,,,56,14,,1.37336493,42000,,,,,,,,2943,,,,,1.2933518,,,,,-0.002672910690307617,-0.04538361728191376,14640,0.012518032,0.0926209198931853,0.2,-0.0341319521131408,0.11773333436188599,9.896875e-05,-0.918226824204127,,
,,,,15.0,,,,57,14,,1.4023232200000004,42750,,,,,,,,2993,,,,,1.4305104,,,,,-0.02789938449859619,-0.05286343768239021,14670,0.017059442,0.05506650842726231,0.2,-0.029355236099287873,0.16782222166657448,9.895e-05,-0.9354207873344421,,
,,,,15.0,,,,58,14,,1.3650621400000003,43500,,,,,,,,3043,,,,,1.3748658,,,,,0.01351165771484375,-0.041699931025505066,14700,0.012584568,0.08382255410154661,0.2,-0.032003261261743826,0.15093333264812828,9.893125e-05,-0.9304127812385559,,
,,,,15.0,,,,59,14,,1.4262700000000001,44250,,,,,,,,3093,,,,,1.3773426,,,,,0.06732290983200073,-0.05055933818221092,14730,0.011665155,0.06852890426913898,0.2,-0.030315506016633798,0.09724444433425863,9.89125e-05,-0.9464345117410023,,
,,,,,,,,,,,,45000,,,,,,,,,,,,,1.4353672,,,,,0.10611140727996826,-0.04526936262845993,14760,0.009653883,0.0405155822634697,0.2,-0.021125634755732273,0.1247111109085381,9.889375e-05,-0.949474710226059,1.5836779832839967,15.0
,,,,15.0,,,,60,14,,1.3711524300000002,45000,,,,,,,,3148,,,,,,,,,,,,,,,,,,,,,
,,,,15.05,,,,61,14,,1.24542572,45750,,,,,,,,3199,,,,,1.2860047,,,,,0.044890403747558594,-0.039594683796167374,14790,0.013530901,0.0993277999262015,0.2,-0.031931117412799755,0.14351111147552728,9.8875e-05,-0.9699712574481965,,
,,,,15.05,,,,62,14,,1.2521444100000003,46500,,,,,,,,3251,,,,,1.2449517,,,,,0.03329366445541382,-0.028296668082475662,14820,0.0121060815,0.1281751478711764,0.2,-0.03279152285510467,0.12279999979461233,9.885625000000001e-05,-0.9792893528938293,,
,,,,15.0,,,,63,14,,1.33513457,47250,,,,,,,,3303,,,,,1.2815381,,,,,0.09037435054779053,-0.03022264689207077,14850,0.011767124,0.12699105913440387,0.2,-0.03213759345025237,0.13724444421629112,9.883750000000001e-05,-0.9955247521400452,,
,,,,15.0,,,,64,14,,1.4320474599999997,48000,,,,,,,,3353,,,,,1.3911066,,,,,-0.01980459690093994,-0.04656130447983742,14880,0.012406454,0.07480840012431145,0.2,-0.028920516739175135,0.1369333319210758,9.881875000000001e-05,-0.9861687163511912,,
,,,,15.0,,,,65,14,,1.40051784,48750,,,,,,,,3403,,,,,1.4299643,,,,,0.024801790714263916,-0.05361463874578476,14910,0.014768667,0.045269918814301494,0.2,-0.026679071037740344,0.1687555542215705,9.88e-05,-1.0063788294792175,,
,,,,15.0,,,,66,14,,1.2998491300000001,49500,,,,,,,,3452,,,,,1.3699619,,,,,0.04664897918701172,-0.03445352241396904,14940,0.01181694,0.10208961938818296,0.2,-0.030113914287152415,0.12493333293435474,9.878125e-05,-0.9878045121828715,,
,,,,,,,,,,,,50000,,,,,,,,,,,,,1.2511948,,,,,-0.016004085540771484,-0.016644030809402466,14970,0.013701306,0.15155020107825598,0.2,-0.031993909176563244,0.13191111162304878,9.87625e-05,-0.9873461504777272,1.5876535892486572,15.0
,,,,15.05,,,,67,14,,1.3448796199999997,50250,,,,,,,,3506,,,,,,,,,,,,,,,,,,,,,
,,,,15.05,,,,68,14,,1.40486537,51000,,,,,,,,3556,,,,,1.3776203,,,,,-0.027150511741638184,-0.05675453692674637,15000,0.01204868,0.06805015268425146,0.2,-0.03157209153504422,0.12608888843096794,9.874375e-05,-0.9900959392388662,,
,,,,15.0,,,,69,14,,1.34612553,51750,,,,,,,,3607,,,,,1.4135039,,,,,0.15073740482330322,-0.061934929341077805,15030,0.016720833,0.062396564582983656,0.2,-0.035350512101418444,0.21595555661867064,9.8725e-05,-0.9932994882265727,,
,,,,15.0,,,,70,14,,1.3300441199999997,52500,,,,,,,,3658,,,,,1.339833,,,,,-0.05261802673339844,-0.041901785880327225,15060,0.013468642,0.10298856844504674,0.2,-0.03210578310986361,0.13080000096621613,9.870625e-05,-0.9650475084781647,,
,,,,15.0,,,,71,14,,1.40156358,53250,,,,,,,,3709,,,,,1.34002,,,,,0.03734999895095825,-0.046870868653059006,15090,0.011935795,0.07717495560646057,0.2,-0.02977602012300243,0.13991110951950153,9.86875e-05,-0.9365820864836375,,
,,,,15.0,,,,72,14,,1.43794227,54000,,,,,,,,3761,,,,,1.4219947,,,,,-0.03944098949432373,-0.05422408506274223,15120,0.011286075,0.05450272100667159,0.2,-0.026982340464254642,0.11751111100117366,9.866875000000001e-05,-0.9633840481440227,,
,,,,15.0,,,,73,14,,1.45558694,54750,,,,,,,,3813,,,,,1.4741822,,,,,0.05424255132675171,-0.055662110447883606,15150,0.013774976,0.055559505522251126,0.2,-0.03195885685123503,0.15324444458819925,9.865000000000001e-05,-0.9541623890399933,,
,,,,,,,,,,,,55000,,,,,,,,,,,,,1.4577678,,,,,0.22320085763931274,-0.06459416449069977,15180,0.013429127,0.03603582518796126,0.2,-0.03278920984746267,0.19146666846548518,9.863125e-05,-0.9625703950723012,1.6114009141921997,15.0
,,,,15.05,,,,74,14,,1.4345434700000002,55500,,,,,,,,3869,,,,,,,,,,,,,,,,,,,,,
,,,,15.05,,,,75,14,,1.41700896,56250,,,,,,,,3919,,,,,1.3725003,,,,,0.08420342206954956,-0.05923592671751976,15210,0.017597014,0.06879729541639487,0.2,-0.03692211329024285,0.20995555588354667,9.86125e-05,-0.968593015273412,,
,,,,15.0,,,,76,14,,1.3786125800000002,57000,,,,,,,,3970,,,,,1.4793614,,,,,0.016582787036895752,-0.05702464282512665,15240,0.01339783,0.0551570483793815,0.2,-0.029906355360719537,0.12782222370927532,9.859375000000001e-05,-0.9903887013594309,,
,,,,15.0,,,,77,14,,1.36544455,57750,,,,,,,,4021,,,,,1.2957141,,,,,-0.005892753601074219,-0.021071750670671463,15270,0.012055386,0.13439519157012303,0.2,-0.03188416272321094,0.15191111073363572,9.8575e-05,-0.9318592091401418,,
,,,,15.0,,,,78,14,,1.45541627,58500,,,,,,,,4071,,,,,1.4372255,,,,,-0.0326000452041626,-0.060094431042671204,15300,0.012464836,0.05879156527419885,0.2,-0.032646616537413665,0.1269333332621803,9.855625e-05,-0.93640123407046,,
,,,,15.0,,,,79,14,,1.4840065999999998,59250,,,,,,,,4121,,,,,1.4918784,,,,,-0.0026460886001586914,-0.05855864658951759,15330,0.013714882,0.036701102182269095,0.2,-0.02926168202312868,0.15306666785230238,9.85375e-05,-0.930080376068751,,
,,,,,,,,,,,,60000,,,,,,,,,,,,,1.4543045,,,,,0.05155760049819946,-0.053270481526851654,15360,0.0129397465,0.042901283999284105,0.2,-0.028258039205624818,0.1708888883392016,9.851875e-05,-0.9399209439754486,1.5835604906082152,15.0
,,,,15.0,,,,80,14,,1.44465874,60000,,,,,,,,4176,,,,,,,,,,,,,,,,,,,,,
,,,,15.05,,,,81,14,,1.3921191000000002,60750,,,,,,,,4226,,,,,1.3733069,,,,,0.041631877422332764,-0.05438827723264694,15390,0.015527088,0.058361431459585826,0.2,-0.03061022811198814,0.14471111035284898,9.850000000000001e-05,-0.9772198915481567,,
,,,,15.05,,,,82,14,,1.39231652,61500,,,,,,,,4278,,,,,1.3887568,,,,,0.0397074818611145,-0.044104475528001785,15420,0.014951226,0.08599149237076441,0.2,-0.032694219718304364,0.13657777719199657,9.848125000000001e-05,-0.9695988217989604,,
,,,,15.0,,,,83,14,,1.3565321899999998,62250,,,,,,,,4329,,,,,1.4553006,,,,,0.12845373153686523,-0.051021791994571686,15450,0.013101254,0.07119448545078437,0.2,-0.03189520490628978,0.18982222291330497,9.84625e-05,-1.0006402850151062,,
,,,,15.0,,,,84,14,,1.3361861699999995,63000,,,,,,,,4380,,,,,1.2608979,,,,,0.08413487672805786,-0.027570996433496475,15480,0.010567888,0.11671273186802864,0.2,-0.028323202653001544,0.11497777849435806,9.844375e-05,-0.9668931643168132,,
,,,,15.0,,,,85,14,,1.4446988499999998,63750,,,,,,,,4432,,,,,1.4163872,,,,,0.037123680114746094,-0.05914980545639992,15510,0.017727962,0.07511343732476235,0.2,-0.037667567536048586,0.16035555501002818,9.842500000000001e-05,-0.9864986499150594,,
,,,,15.0,,,,86,14,,1.47453943,64500,,,,,,,,4481,,,,,1.4928882,,,,,-0.069191575050354,-0.0636502057313919,15540,0.014082795,0.03370281290262937,0.2,-0.02854000328987215,0.1965333353728056,9.840625e-05,-0.9727940062681834,,
,,,,,,,,,,,,65000,,,,,,,,,,,,,1.3980708,,,,,0.18541169166564941,-0.05517011880874634,15570,0.013563466,0.057620060816407206,0.2,-0.030156149565325013,0.15142222316935658,9.83875e-05,-0.9976116160551707,1.5805049896240235,15.0
,,,,15.05,,,,87,14,,1.4062429299999997,65250,,,,,,,,4535,,,,,,,,,,,,,,,,,,,,,
,,,,15.05,,,,88,14,,1.37825197,66000,,,,,,,,4585,,,,,1.412668,,,,,0.07482844591140747,-0.041351351886987686,15600,0.012278515,0.08621121297279993,0.2,-0.029923109190548896,0.13595555511613686,9.836875e-05,-0.9623017271359762,,
,,,,15.0,,,,89,14,,1.4512885400000002,66750,,,,,,,,4636,,,,,1.4204367,,,,,0.04422122240066528,-0.04701435565948486,15630,0.01771361,0.08090258290370306,0.2,-0.031384387355297784,0.11986666675657034,9.835e-05,-0.964421792825063,,
,,,,15.0,,,,90,14,,1.4270701399999999,67500,,,,,,,,4687,,,,,1.4813919,,,,,0.10797089338302612,-0.05052422732114792,15660,0.012250997,0.04605865242580573,0.2,-0.024858782935008015,0.15488888908488055,9.833125000000001e-05,-0.9636343737443288,,
,,,,15.0,,,,91,14,,1.42302635,68250,,,,,,,,4738,,,,,1.373472,,,,,-0.012731075286865234,-0.042973458766937256,15690,0.01197515,0.08292069286108017,0.2,-0.029815229847251126,0.12435555667616427,9.831250000000001e-05,-0.9384025077025095,,
,,,,15.0,,,,92,14,,1.4279058500000001,69000,,,,,,,,4788,,,,,1.4535358,,,,,0.09662187099456787,-0.060647644102573395,15720,0.016701955,0.036385710289080934,0.2,-0.02986863536505654,0.23475555328962702,9.829375000000001e-05,-0.9505548497041066,,
,,,,15.0,,,,93,14,,1.36902859,69750,,,,,,,,4837,,,,,1.3816091,,,,,-0.03979992866516113,-0.024260513484477997,15750,0.014621539,0.11927343805631002,0.2,-0.02977184700413294,0.12000000023593506,9.8275e-05,-0.9561016221841176,,
,,,,,,,,,,,,70000,,,,,,,,,,,,,1.335788,,,,,-0.05856359004974365,-0.035338666290044785,15780,0.009604018,0.09481926187872887,0.2,-0.027774368167451276,0.10719999962796768,9.825625e-05,-0.9534147242705028,1.6105282306671143,15.0
,,,,15.05,,,,94,14,,1.36658259,70500,,,,,,,,4892,,,,,,,,,,,,,,,,,,,,,
,,,,15.05,,,,95,14,,1.44101721,71250,,,,,,,,4942,,,,,1.4153848,,,,,0.09115880727767944,-0.031055841594934464,15810,0.013086174,0.10565640926361083,0.2,-0.03029872783881924,0.14764444629351298,9.82375e-05,-0.9475832760334015,,
,,,,15.0,,,,96,14,,1.4201479400000003,72000,,,,,,,,4993,,,,,1.5295815,,,,,-0.08927500247955322,-0.06098942086100578,15840,0.014886988,0.029917145768801372,0.2,-0.025476345333674287,0.15368888966428737,9.821875e-05,-0.947729782263438,,
,,,,15.0,,,,97,14,,1.34803304,72750,,,,,,,,5044,,,,,1.2695372,,,,,-0.039092302322387695,-0.03227952867746353,15870,0.014633624,0.11366794059673944,0.2,-0.03185147360704009,0.1331111115636304,9.82e-05,-0.9687339961528778,,
,,,,15.0,,,,98,14,,1.4427485199999994,73500,,,,,,,,5093,,,,,1.4236544,,,,,0.04715341329574585,-0.040676016360521317,15900,0.0116208,0.08989341929554939,0.2,-0.02885213385350589,0.13097777886626621,9.818125e-05,-0.9603146115938822,,
,,,,15.0,,,,99,14,,1.4957475599999999,74250,,,,,,,,5144,,,,,1.5074279,,,,,-0.13056254386901855,-0.0639280155301094,15930,0.013925176,0.03989157589773337,0.2,-0.03245339574180542,0.16288888702789941,9.816250000000001e-05,-0.9509968260924021,,
,,,,,,,,,,,,75000,,,,,,,,,,,,,1.4873418,,,,,0.13869863748550415,-0.04769440367817879,15960,0.013198724,0.05146799584229787,0.2,-0.025019334793980736,0.16502222268997382,9.814375000000001e-05,-0.9678654929002126,1.607686710357666,15.0
,,,,15.0,,,,100,14,,1.5026290599999998,75000,,,,,,,,5201,,,,,,,,,,,,,,,,,,,,,
,,,,15.05,,,,101,14,,1.44778436,75750,,,,,,,,5249,,,,,1.4991455,,,,,0.10358840227127075,-0.0632939413189888,15990,0.011881609,0.030430502630770205,0.2,-0.028488571015869605,0.16742222278068464,9.812500000000001e-05,-0.9510385235150655,,
,,,,15.05,,,,102,14,,1.39901826,76500,,,,,,,,5298,,,,,1.377139,,,,,0.01984494924545288,-0.029919307678937912,16020,0.021152198,0.1083674299220244,0.2,-0.030072225376270308,0.1746666663636764,9.810625e-05,-0.977373617887497,,
,,,,15.0,,,,103,14,,1.3902974399999999,77250,,,,,,,,5348,,,,,1.395915,,,,,-0.0442582368850708,-0.049230314791202545,16050,0.014141731,0.07427312384049098,0.2,-0.029246446883098957,0.13640000006804864,9.80875e-05,-1.0286093791325888,,
,,,,15.0,,,,104,14,,1.4291118300000003,78000,,,,,,,,5397,,,,,1.3809824,,,,,0.16695773601531982,-0.04204641282558441,16080,0.010400056,0.09694550037384034,0.2,-0.03121153249030725,0.14702222196695705,9.806875e-05,-1.0105984290440877,,
,,,,15.0,,,,105,14,,1.43743425,78750,,,,,,,,5447,,,,,1.4760033,,,,,-0.11674463748931885,-0.06676390767097473,16110,0.015285998,0.04107587424417337,0.2,-0.032160618749633406,0.21897777828077475,9.805e-05,-1.0219075679779053,,
,,,,15.0,,,,106,14,,1.3691060299999998,79500,,,,,,,,5497,,,,,1.4010783,,,,,-0.041919589042663574,-0.04122891649603844,16140,0.012066493,0.09505084902048111,0.2,-0.030019530517814867,0.1220444455742836,9.803125e-05,-1.0279802997907004,,
,,,,,,,,,,,,80000,,,,,,,,,,,,,1.3798865,,,,,0.048345983028411865,-0.05273204669356346,16170,0.014400632,0.0865087442100048,0.2,-0.031166693016907412,0.1376888905884698,9.80125e-05,-1.0575959960619608,1.580898356437683,15.0
,,,,15.05,,,,107,14,,1.4356009299999999,80250,,,,,,,,5550,,,,,,,,,,,,,,,,,,,,,
,,,,15.05,,,,108,14,,1.4633439,81000,,,,,,,,5599,,,,,1.4888943,,,,,-0.14372456073760986,-0.06443686783313751,16200,0.012497676,0.048675226792693135,0.2,-0.03135884608473217,0.14262222172692418,9.799375000000001e-05,-1.0431342005729676,,
,,,,15.0,,,,109,14,,1.4045463099999997,81750,,,,,,,,5647,,,,,1.3770107,,,,,-0.0904388427734375,-0.049958087503910065,16230,0.012685386,0.06679809925456842,0.2,-0.028431454796406127,0.17106666589776676,9.797500000000001e-05,-1.0474204699198404,,
,,,,15.0,,,,110,14,,1.3759685800000003,82500,,,,,,,,5696,,,,,1.4330695,,,,,0.018654465675354004,-0.045565519481897354,16260,0.011563074,0.07974310542146365,0.2,-0.027974562536200707,0.13466666601598262,9.795625000000001e-05,-1.013588899374008,,
,,,,15.0,,,,111,14,,1.35215687,83250,,,,,,,,5744,,,,,1.339974,,,,,0.022960960865020752,-0.05489404499530792,16290,0.014275937,0.082640540599823,0.2,-0.03221339665839658,0.11022222265601159,9.79375e-05,-1.0648613333702088,,
,,,,15.0,,,,112,14,,1.3908465899999998,84000,,,,,,,,5792,,,,,1.3638912,,,,,0.014119446277618408,-0.04263744875788689,16320,0.011858602,0.10117705911397934,0.2,-0.032758741261965284,0.1176888895376275,9.791875e-05,-1.0367937366167703,,
,,,,15.0,,,,113,14,,1.3528939900000003,84750,,,,,,,,5841,,,,,1.3967181,,,,,0.19608962535858154,-0.051916733384132385,16350,0.01777645,0.056547525649269424,0.2,-0.029810507182155988,0.19662222117185593,9.79e-05,-1.0193981528282166,,
,,,,,,,,,,,,85000,,,,,,,,,,,,,1.3293608,,,,,0.06928956508636475,-0.035309407860040665,16380,0.012294722,0.1252267390489578,0.2,-0.0318713799730564,0.119999999855645,9.788125e-05,-1.0366488178571065,1.6162992715835571,15.0
,,,,15.05,,,,114,14,,1.3195222500000003,85500,,,,,,,,5894,,,,,,,,,,,,,,,,,,,,,
,,,,15.05,,,,115,14,,1.3402474899999997,86250,,,,,,,,5942,,,,,1.2492061,,,,,0.1617937684059143,-0.045894235372543335,16410,0.016239634,0.08557781626780828,0.2,-0.0337039906328337,0.1898222220285485,9.78625e-05,-1.0201809366544088,,
,,,,15.0,,,,116,14,,1.3836483800000001,87000,,,,,,,,5993,,,,,1.4304411,,,,,-0.1346745491027832,-0.02907252311706543,16440,0.019380331,0.1332031086087227,0.2,-0.03373690547437095,0.181422222017621,9.784375e-05,-1.046746548016866,,
,,,,15.0,,,,117,14,,1.44766277,87750,,,,,,,,6043,,,,,1.456488,,,,,-0.0582042932510376,-0.05009238421916962,16470,0.015609538,0.06980541869997978,0.2,-0.03120687744480873,0.2233777784742415,9.7825e-05,-1.0693665544191997,,
,,,,15.0,,,,118,14,,1.4366415100000005,88500,,,,,,,,6091,,,,,1.4423699,,,,,0.10438793897628784,-0.05457184463739395,16500,0.010619808,0.0655986915032069,0.2,-0.029603493711818037,0.1395111129852012,9.780625000000001e-05,-1.0537637750307718,,
,,,,15.0,,,,119,14,,1.4607236799999996,89250,,,,,,,,6139,,,,,1.4094962,,,,,0.060855209827423096,-0.05685172975063324,16530,0.012090588,0.057465496162573494,0.2,-0.029936343592695043,0.14111111039916674,9.778750000000001e-05,-1.058248523871104,,
,,,,,,,,,,,,90000,,,,,,,,,,,,,1.4883637,,,,,0.11165553331375122,-0.06779061257839203,16560,0.015124534,0.03420510807385047,0.2,-0.031918920322217895,0.1952444432924191,9.776875e-05,-1.0475610733032226,1.6004679918289184,15.0
,,,,15.0,,,,120,14,,1.3575786999999997,90000,,,,,,,,6192,,,,,,,,,,,,,,,,,,,,,
,,,,15.05,,,,121,14,,1.2278435099999998,90750,,,,,,,,6241,,,,,1.167889,,,,,-0.052168846130371094,-0.03578352555632591,16590,0.014633769,0.13337870960434278,0.2,-0.03828984837685194,0.17897777777786056,9.775e-05,-1.033568561077118,,
,,,,15.05,,,,122,14,,1.3007767799999999,91500,,,,,,,,6289,,,,,1.2694304,,,,,-0.17536723613739014,-0.03409603610634804,16620,0.012732562,0.1302252729733785,0.2,-0.03440539808345751,0.13697777707129716,9.773125000000001e-05,-1.0472351868947347,,
,,,,15.0,,,,123,14,,1.4114515499999996,92250,,,,,,,,6337,,,,,1.3908712,,,,,0.04555100202560425,-0.045551933348178864,16650,0.015057213,0.0938580979903539,0.2,-0.03233558666023117,0.1104444444179535,9.771250000000001e-05,-1.071444312731425,,
,,,,15.0,,,,124,14,,1.42159903,93000,,,,,,,,6385,,,,,1.451992,,,,,0.003949999809265137,-0.05997029319405556,16680,0.019903516,0.05529652771850427,0.2,-0.03261883921548723,0.15586666703845065,9.769375e-05,-1.0412574529647827,,
,,,,15.0,,,,125,14,,1.4337206500000002,93750,,,,,,,,6434,,,,,1.4117972,,,,,0.04559743404388428,-0.05210268497467041,16710,0.016365642,0.07202666302522023,0.2,-0.0303203282629864,0.14773333532114824,9.7675e-05,-1.05194544394811,,
,,,,15.0,,,,126,14,,1.4116284800000003,94500,,,,,,,,6482,,,,,1.4358336,,,,,-0.06929957866668701,-0.05894574522972107,16740,0.019265443,0.045524604991078375,0.2,-0.0282128030423074,0.17497777733951808,9.765625e-05,-1.0769473274548849,,
,,,,,,,,,,,,95000,,,,,,,,,,,,,1.3519119,,,,,-0.017871737480163574,-0.053201112896203995,16770,0.0124931615,0.08922812963525455,0.2,-0.035208577807806424,0.14039999990879248,9.763750000000001e-05,-1.0835466146469117,1.5847336530685425,15.0
,,,,15.05,,,,127,14,,1.3651786499999998,95250,,,,,,,,6535,,,,,,,,,,,,,,,,,,,,,
,,,,15.05,,,,128,14,,1.36102791,96000,,,,,,,,6584,,,,,1.3811337,,,,,0.037393391132354736,-0.052046455442905426,16800,0.011800731,0.07647847334543864,0.2,-0.03152591569220853,0.1402666662974904,9.761875000000001e-05,-1.065245540936788,,
,,,,15.0,,,,129,14,,1.33730621,96750,,,,,,,,6632,,,,,1.3573086,,,,,-0.0071332454681396484,-0.02809421718120575,16830,0.011172778,0.12509332423408825,0.2,-0.03211844384235641,0.142800000612624,9.76e-05,-1.0870945731798807,,
,,,,15.0,,,,130,14,,1.3807089,97500,,,,,,,,6680,,,,,1.3358345,,,,,0.04877740144729614,-0.03370283544063568,16860,0.010874916,0.11615979671478271,0.2,-0.031721664002185894,0.1394666666475435,9.758125e-05,-1.0929193417231242,,
,,,,15.0,,,,131,14,,1.37972139,98250,,,,,,,,6728,,,,,1.4235163,,,,,-0.11078941822052002,-0.05770508199930191,16890,0.01076326,0.06488337442278862,0.2,-0.029536747650636564,0.13004444359491268,9.75625e-05,-1.0975520730018615,,
,,,,15.0,,,,132,14,,1.31492367,99000,,,,,,,,6775,,,,,1.2742896,,,,,0.0204010009765625,-0.04190957918763161,16920,0.013352832,0.10939526110887528,0.2,-0.03497947466572125,0.12084444450835387,9.754375e-05,-1.0901413003603617,,
,,,,15.0,,,,133,14,,1.2720463199999998,99750,,,,,,,,6823,,,,,1.336533,,,,,-0.02180314064025879,-0.042787838727235794,16950,0.012336746,0.09730144143104554,0.2,-0.031302723798921524,0.13528888868167996,9.7525e-05,-1.0920692642529806,,
,,,,,,,,,,,,100000,,,,,,,,,,,,,1.2497385,,,,,0.020696818828582764,-0.034655582159757614,16980,0.011526669,0.12033588240544,0.2,-0.032981410916315186,0.16204444489752254,9.750625e-05,-1.0835917075475057,1.601968240737915,15.0
,,,,15.05,,,,134,14,,1.2898812100000001,100500,,,,,,,,6875,,,,,,,,,,,,,,,,,,,,,
,,,,15.05,,,,135,14,,1.3345097900000003,101250,,,,,,,,6923,,,,,1.3020391,,,,,0.017253875732421875,-0.029780860990285873,17010,0.012029602,0.12213000506162644,0.2,-0.031555407297880284,0.14248888889948527,9.74875e-05,-1.0945088108380636,,
,,,,15.0,,,,136,14,,1.3630763799999999,102000,,,,,,,,6970,,,,,1.402777,,,,,0.05923956632614136,-0.05724874511361122,17040,0.013152064,0.0839859331647555,0.2,-0.033950705967822854,0.15604444667696954,9.746875000000001e-05,-1.091111167271932,,
,,,,15.0,,,,137,14,,1.4103374300000004,102750,,,,,,,,7018,,,,,1.3310823,,,,,0.06428521871566772,-0.0426986925303936,17070,0.013048082,0.09376644541819891,0.2,-0.031293412761990394,0.11875555586690704,9.745000000000001e-05,-1.0833545327186584,,
,,,,15.0,,,,138,14,,1.4098164000000002,103500,,,,,,,,7067,,,,,1.493165,,,,,0.024808526039123535,-0.04669692739844322,17100,0.011162291,0.07146605029702187,0.2,-0.02860395952204448,0.16111111068942893,9.743125000000001e-05,-1.06819699605306,,
,,,,15.0,,,,139,14,,1.3349203099999998,104250,,,,,,,,7117,,,,,1.2861611,,,,,0.03252536058425903,-0.04678524285554886,17130,0.014027687,0.09175895278652509,0.2,-0.03295066983287948,0.14213333427129934,9.741250000000002e-05,-1.0718837976455688,,
,,,,,,,,,,,,105000,,,,,,,,,,,,,1.3790518,,,,,0.014602422714233398,-0.04046140983700752,17160,0.012887955,0.1117944893737634,0.2,-0.032671123318001614,0.15115555596227448,9.739375e-05,-1.0777602553367616,1.5530184745788573,15.0
,,,,15.0,,,,140,14,,1.37614874,105000,,,,,,,,7173,,,,,,,,,,,,,,,,,,,,,
,,,,15.05,,,,141,14,,1.4204672299999999,105750,,,,,,,,7224,,,,,1.433003,,,,,-0.035864830017089844,-0.05904529243707657,17190,0.016243989,0.04891417163113753,0.2,-0.027079267175019576,0.1496444440757235,9.7375e-05,-1.0611418883005779,,
,,,,15.05,,,,142,14,,1.39235433,106500,,,,,,,,7273,,,,,1.3942982,,,,,0.055841267108917236,-0.041710954159498215,17220,0.015635308,0.09456668769319852,0.2,-0.03131432779106416,0.14742222313458722,9.735625e-05,-1.046445337931315,,
,,,,15.0,,,,143,14,,1.4445279799999997,107250,,,,,,,,7323,,,,,1.4326688,,,,,0.15049898624420166,-0.04972304031252861,17250,0.012434151,0.07176832407712937,0.2,-0.031254766588326946,0.1652444450184703,9.73375e-05,-1.0418793559074402,,
,,,,15.0,,,,144,14,,1.40502993,108000,,,,,,,,7372,,,,,1.3920126,,,,,-0.054071664810180664,-0.06491342931985855,17280,0.012578036,0.041887979085246725,0.2,-0.030127755048664082,0.11306666566524655,9.731875e-05,-1.0390363534291585,,
,,,,15.0,,,,145,14,,1.37241415,108750,,,,,,,,7422,,,,,1.3956698,,,,,0.013676822185516357,-0.05049339309334755,17310,0.014050794,0.0847226786116759,0.2,-0.03243870249086373,0.13315555539447815,9.730000000000001e-05,-1.0190689285596213,,
,,,,15.0,,,,146,14,,1.4216397,109500,,,,,,,,7472,,,,,1.3700811,,,,,-0.045593857765197754,-0.04328469559550285,17340,0.012997734,0.08485814929008484,0.2,-0.029199598473217313,0.13653333279459426,9.728125000000001e-05,-1.0290845553080241,,
,,,,,,,,,,,,110000,,,,,,,,,,,,,1.4741327,,,,,0.07014626264572144,-0.0567084476351738,17370,0.016979914,0.06235289399822553,0.2,-0.03376449586591785,0.17915555535970876,9.726250000000001e-05,-1.00651110013326,1.6046226263046264,15.0
,,,,15.05,,,,147,14,,1.41280214,110250,,,,,,,,7528,,,,,,,,,,,,,,,,,,,,,
,,,,15.05,,,,148,14,,1.3916825600000002,111000,,,,,,,,7577,,,,,1.3918948,,,,,0.028031468391418457,-0.054002150893211365,17400,0.012567458,0.06571551834543546,0.2,-0.03266678736665183,0.1492888887024795,9.724375000000002e-05,-1.0093294084072113,,
,,,,15.0,,,,149,14,,1.3774606599999997,111750,,,,,,,,7626,,,,,1.3713669,,,,,-0.11342275142669678,-0.033076588064432144,17430,0.02327577,0.12245254764954248,0.2,-0.033149232450541535,0.17364444443956017,9.7225e-05,-1.0275459011395773,,
,,,,15.0,,,,150,14,,1.3751050300000003,112500,,,,,,,,7676,,,,,1.3819782,,,,,0.018789947032928467,-0.05939832329750061,17460,0.016710903,0.06582475652297338,0.2,-0.03292842420380978,0.17871111147105695,9.720625e-05,-1.0469451228777567,,
,,,,15.0,,,,151,14,,1.3925123200000002,113250,,,,,,,,7725,,,,,1.3673016,,,,,-0.11226999759674072,-0.056902509182691574,17490,0.011986023,0.07353179305791854,0.2,-0.03299705996505088,0.10644444461601475,9.71875e-05,-1.0410690466562906,,
,,,,15.0,,,,152,14,,1.3525542400000004,114000,,,,,,,,7775,,,,,1.4360522,,,,,0.025596320629119873,-0.0591585710644722,17520,0.01556253,0.05522922687232494,0.2,-0.03190299160242495,0.20555555497606595,9.716875e-05,-1.0230231086413066,,
,,,,15.0,,,,153,14,,1.32280596,114750,,,,,,,,7826,,,,,1.2310008,,,,,-0.11068761348724365,-0.031235206872224808,17550,0.01093668,0.12663324053088823,0.2,-0.03016976984820019,0.14644444359776873,9.715e-05,-1.0236424446105956,,
,,,,,,,,,,,,115000,,,,,,,,,,,,,1.4200029,,,,,0.08775275945663452,-0.04478001967072487,17580,0.013059338,0.09707076450188955,0.2,-0.03288082504338687,0.1822666661813855,9.713125e-05,-1.0228389342625936,1.5600416898727416,15.0
,,,,15.05,,,,154,14,,1.3730776000000002,115500,,,,,,,,7882,,,,,,,,,,,,,,,,,,,,,
,,,,15.05,,,,155,14,,1.36866547,116250,,,,,,,,7932,,,,,1.3864408,,,,,0.0028505325317382812,-0.04581621289253235,17610,0.018358145,0.0851932110885779,0.2,-0.03331904095686558,0.20906666664717097,9.711250000000001e-05,-1.0251685500144958,,
,,,,15.0,,,,156,14,,1.34903875,117000,,,,,,,,7982,,,,,1.3315582,,,,,-0.044239163398742676,-0.04310331866145134,17640,0.013722847,0.09723019326726595,0.2,-0.03291939531830656,0.14400000118960937,9.709375000000001e-05,-1.0288013855616251,,
,,,,15.0,,,,157,14,,1.4523859599999998,117750,,,,,,,,8031,,,,,1.3886682,,,,,-0.017551302909851074,-0.03638811782002449,17670,0.010250213,0.09502681866288185,0.2,-0.027285864502067374,0.1521777765825391,9.7075e-05,-1.0032698829968771,,
,,,,15.0,,,,158,14,,1.5095902800000003,118500,,,,,,,,8081,,,,,1.553099,,,,,-0.10161185264587402,-0.07640501111745834,17700,0.012987063,0.016785828613986573,0.2,-0.030531719525598196,0.12217777842500557,9.705625e-05,-0.9887455443541209,,
,,,,15.0,,,,159,14,,1.4656269199999996,119250,,,,,,,,8131,,,,,1.4608268,,,,,-0.023011207580566406,-0.04221988469362259,17730,0.013562937,0.06258748881518841,0.2,-0.028308207676932214,0.13235555570572616,9.70375e-05,-0.9655618925889333,,
,,,,,,,,,,,,120000,,,,,,,,,,,,,1.4497108,,,,,0.018402934074401855,-0.039509117603302,17760,0.0120108,0.06387666699786981,0.2,-0.025060649801252607,0.1293333331666266,9.701875e-05,-0.9778147240479788,1.5587705612182616,15.0
,,,,15.0,,,,160,14,,1.4378695699999997,120000,,,,,,,,8185,,,,,,,,,,,,,,,,,,,,,
